date,aud_usd,broad_usd,usd_cny,vix,brent_oil,us_10y,sp500,rba_aud_usd,rba_aud_twi,rba_aud_cny,rba_aud_vnd,rba_aud_jpy,rba_aud_eur,rba_cash_rate,au_10y
2024-01-02,0.6771,119.2686,7.1426,13.2,76.24,3.95,4742.83,0.682,62.6,4.8595,16596.0,96.54,0.6188,4.35,3.999
2024-01-03,0.672,119.6958,7.1497,14.04,77.18,3.91,4704.81,0.6763,62.3,4.8335,16475.0,95.97,0.6169,4.35,4.048
2024-01-04,0.671,119.6208,7.1589,14.13,75.79,3.99,4688.68,0.6738,62.2,4.8218,16431.0,96.74,0.6167,4.35,4.053
2024-01-05,0.6722,119.388,7.145,13.35,78.31,4.05,4697.24,0.6698,62.0,4.8012,16315.0,97.02,0.6122,4.35,4.136
2024-01-08,0.6719,119.2506,7.154,13.08,75.47,4.01,4763.54,0.6699,62.0,4.7947,16305.0,96.79,0.6127,4.35,4.16
2024-01-09,0.6692,119.6666,7.1675,12.76,77.97,4.02,4756.5,0.6719,62.1,4.8103,16364.0,96.49,0.6131,4.35,4.106
2024-01-10,0.6692,119.7614,7.1711,12.69,78.46,4.04,4783.45,0.6703,62.1,4.809,16344.0,97.06,0.6131,4.35,4.12
2024-01-11,0.6653,119.8916,7.167,12.44,80.21,3.98,4780.24,0.672,62.2,4.8129,16444.0,97.7,0.6121,4.35,4.109
2024-01-12,0.6692,119.534,7.1665,12.7,79.89,3.96,4783.83,0.6704,62.0,4.8023,16425.0,97.21,0.6107,4.35,4.075
2024-01-15,,,,13.25,79.76,,,0.6693,62.0,4.7986,16384.0,97.15,0.6106,4.35,4.08
2024-01-16,0.6597,120.5759,7.1874,13.84,80.15,4.07,4765.98,0.6615,61.5,4.7523,16210.0,96.66,0.6059,4.35,4.154
2024-01-17,0.6539,121.0402,7.196,14.79,78.88,4.1,4739.21,0.6571,61.4,4.7281,16125.0,96.82,0.6045,4.35,4.213
2024-01-18,0.6564,120.8895,7.1961,14.13,81.04,4.14,4780.94,0.6558,61.3,4.7193,16110.0,97.01,0.602,4.35,4.267
2024-01-19,0.6581,120.6442,7.1931,13.3,80.71,4.15,4839.81,0.6579,61.5,4.7341,16149.0,97.61,0.6043,4.35,4.296
2024-01-22,0.6586,120.6178,7.192,13.19,81.7,4.11,4850.43,0.6594,61.5,4.745,16175.0,97.49,0.6048,4.35,4.232
2024-01-23,0.6566,121.1001,7.172,12.55,82.04,4.14,4864.6,0.6602,61.6,4.7326,16215.0,97.66,0.6059,4.35,4.193
2024-01-24,0.6601,120.4916,7.158,13.14,82.15,4.18,4868.55,0.6575,61.4,4.7176,16184.0,97.24,0.6052,4.35,4.233
2024-01-25,0.6581,120.8311,7.169,13.45,82.33,4.14,4894.16,0.6575,61.3,4.7093,16176.0,97.17,0.6046,4.35,4.247
2024-01-26,0.6589,120.6173,7.1763,13.26,83.34,4.15,4890.97,,,,,,,,
2024-01-29,0.6594,120.8538,7.1798,13.6,83.99,4.08,4927.93,0.659,61.5,4.7334,16195.0,97.58,0.6077,4.35,4.218
2024-01-30,0.6595,120.6025,7.1755,13.31,84.14,4.06,4924.97,0.6609,61.6,4.7441,16169.0,97.41,0.6105,4.35,4.144
2024-01-31,0.66,120.4331,7.1673,14.35,82.98,3.99,4845.65,0.6574,61.4,4.7211,16057.0,97.05,0.6075,4.35,4.015
2024-02-01,0.6566,120.3335,7.1799,13.88,82.2,3.87,4906.19,0.6553,61.1,4.704,15991.0,96.19,0.6063,4.35,4.016
2024-02-02,0.651,120.902,7.192,13.85,79.54,4.03,4958.61,0.6597,61.4,4.7363,16097.0,96.61,0.6067,4.35,3.982
2024-02-05,0.6478,121.349,7.1982,13.67,79.3,4.17,4942.81,0.6508,60.9,4.6841,15863.0,96.6,0.6038,4.35,4.099
2024-02-06,0.6517,120.9588,7.1908,13.06,80.46,4.09,4954.23,0.6515,60.9,4.6866,15867.0,96.73,0.6061,4.35,4.129
2024-02-07,0.6523,120.9049,7.1943,12.83,81.18,4.09,4995.06,0.6529,61.0,4.6936,15967.0,96.61,0.6068,4.35,4.091
2024-02-08,0.649,121.0798,7.1965,12.79,83.01,4.15,4997.91,0.6523,61.0,4.693,15932.0,96.86,0.6051,4.35,4.111
2024-02-09,0.6516,121.039,7.1929,12.93,83.58,4.17,5026.61,0.6492,60.8,4.6721,15857.0,97.0,0.6027,4.35,4.13
2024-02-12,0.6538,120.9378,7.1928,13.93,83.88,4.17,5021.84,0.6518,61.0,4.6908,15920.0,97.26,0.604,4.35,4.166
2024-02-13,0.646,121.5202,7.1928,15.85,84.72,4.31,4953.17,0.6516,61.0,4.6894,15915.0,97.45,0.6054,4.35,4.175
2024-02-14,0.6489,121.4002,7.1928,14.38,84.41,4.27,5000.62,0.6464,60.7,4.6519,15788.0,97.25,0.6033,4.35,4.268
2024-02-15,0.6508,121.2121,7.1928,14.01,84.33,4.24,5029.73,0.6485,60.8,4.6671,15853.0,97.37,0.6046,4.35,4.14
2024-02-16,0.6531,121.1505,7.1928,14.24,84.88,4.3,5005.57,0.6518,61.1,4.6908,15974.0,97.93,0.6058,4.35,4.199
2024-02-19,,,,14.71,85.52,,,0.6544,61.3,4.7093,16050.0,98.18,0.6072,4.35,4.174
2024-02-20,0.656,121.0199,7.1905,15.42,84.78,4.27,4975.51,0.6531,61.3,4.7008,16023.0,98.18,0.6065,4.35,4.185
2024-02-21,0.6546,121.0379,7.1891,15.34,84.77,4.32,4981.8,0.6568,61.5,4.7167,16110.0,98.52,0.6073,4.35,4.175
2024-02-22,0.6547,121.102,7.1944,14.54,85.84,4.33,5087.03,0.6559,61.4,4.7182,16129.0,98.58,0.6056,4.35,4.16
2024-02-23,0.6566,121.0369,7.197,13.75,84.18,4.26,5088.8,0.6572,61.5,4.7292,16176.0,98.93,0.6071,4.35,4.201
2024-02-26,0.6539,121.0592,7.1972,13.74,84.01,4.28,5069.53,0.6557,61.4,4.7197,16198.0,98.69,0.606,4.35,4.106
2024-02-27,0.6547,120.9647,7.1977,13.43,83.8,4.31,5078.18,0.6544,61.3,4.7104,16124.0,98.46,0.6029,4.35,4.136
2024-02-28,0.6496,121.128,7.1976,13.84,84.08,4.27,5069.76,0.6519,61.1,4.6931,16048.0,98.2,0.6018,4.35,4.171
2024-02-29,0.6503,121.1824,7.1977,13.4,84.57,4.25,5096.27,0.6519,61.1,4.6907,16065.0,97.67,0.6017,4.35,4.141
2024-03-01,0.6529,121.0111,7.196,13.11,84.82,4.19,5137.08,0.651,61.0,4.6851,16047.0,97.9,0.602,4.35,4.146
2024-03-04,0.6521,120.872,7.1987,13.49,86.58,4.22,5130.95,0.652,61.1,4.6936,16095.0,97.96,0.6013,4.35,4.106
2024-03-05,0.6507,120.8846,7.1965,14.46,85.82,4.13,5078.65,0.6502,60.9,4.6802,16059.0,97.87,0.5992,4.35,4.096
2024-03-06,0.6577,120.4649,7.1977,14.5,86.59,4.11,5104.76,0.6514,61.0,4.6896,16096.0,97.67,0.6003,4.35,4.012
2024-03-07,0.6618,120.1909,7.1925,14.44,84.88,4.09,5157.36,0.6586,61.5,4.7405,16271.0,97.85,0.604,4.35,4.014
2024-03-08,0.6627,119.975,7.1855,14.74,84.29,4.09,5123.69,0.6626,61.7,4.765,16336.0,97.97,0.6053,4.35,3.978
2024-03-11,0.6608,120.0394,7.182,15.22,83.44,4.1,5117.94,0.6611,61.5,4.7536,16300.0,97.12,0.6044,4.35,3.957
2024-03-12,0.6601,120.1668,7.1804,13.84,83.66,4.16,5175.27,0.6615,61.5,4.7479,16299.0,97.5,0.6048,4.35,3.951
2024-03-13,0.6623,119.9642,7.1875,13.75,83.95,4.19,5165.31,0.6614,61.6,4.7544,16313.0,97.6,0.6055,4.35,4.023
2024-03-14,0.6585,120.241,7.1932,14.4,86.16,4.29,5150.48,0.6616,61.6,4.7584,16340.0,97.86,0.6046,4.35,4.062
2024-03-15,0.6569,120.4003,7.1953,14.41,85.39,4.31,5117.09,0.6567,61.3,4.7259,16243.0,97.4,0.6038,4.35,4.139
2024-03-18,0.6562,120.5752,7.1981,14.33,86.47,4.34,5149.42,0.6566,61.4,4.7259,16213.0,97.91,0.603,4.35,4.116
2024-03-19,0.6528,120.9332,7.1991,13.82,87.36,4.3,5178.51,0.6529,61.2,4.7,16141.0,97.9,0.6006,4.35,4.087
2024-03-20,0.6532,120.9289,7.1992,13.04,85.77,4.27,5224.62,0.6526,61.3,4.6982,16170.0,98.85,0.6005,4.35,4.056
2024-03-21,0.657,120.8086,7.1993,12.92,84.92,4.27,5241.53,0.6624,62.0,4.7684,16414.0,99.88,0.6058,4.35,4.095
2024-03-22,0.652,121.1842,7.2289,13.06,84.87,4.22,5234.18,0.6525,61.4,4.7152,16184.0,98.91,0.6023,4.35,4.041
2024-03-25,0.6539,121.0295,7.2102,13.19,86.18,4.25,5218.19,0.6528,61.4,4.7026,16165.0,98.82,0.6038,4.35,4.011
2024-03-26,0.6538,121.0742,7.2176,13.24,85.91,4.24,5203.58,0.6539,61.5,4.72,16202.0,98.98,0.6032,4.35,4.031
2024-03-27,0.6525,121.0089,7.227,12.78,84.94,4.2,5248.49,0.6529,61.5,4.7189,16182.0,99.04,0.6029,4.35,4.007
2024-03-28,0.6525,121.0635,7.2262,13.01,86.17,4.2,5254.35,0.6532,61.5,4.7193,16206.0,98.87,0.6035,4.35,3.968
2024-03-29,0.6524,121.0191,7.2203,,,,,,,,,,,,
2024-04-01,0.6484,121.5151,7.2308,13.65,,4.33,5243.77,,,,,,,,
2024-04-02,0.6513,121.3035,7.232,14.61,87.63,4.36,5205.81,0.649,61.3,4.6952,16117.0,98.49,0.6047,4.35,4.067
2024-04-03,0.6558,121.0198,7.233,14.33,90.6,4.36,5211.49,0.6519,61.5,4.7162,16294.0,98.83,0.605,4.35,4.136
2024-04-04,0.6615,120.7613,7.2339,16.35,90.32,4.31,5147.21,0.6587,62.1,4.7645,16466.0,99.92,0.6075,4.35,4.174
2024-04-05,0.6584,120.9646,7.2339,16.03,92.81,4.39,5204.34,0.6572,62.0,4.7537,16408.0,99.38,0.607,4.35,4.095
2024-04-08,0.6602,120.7359,7.2305,15.19,91.73,4.42,5202.39,0.6579,62.1,4.7591,16426.0,99.86,0.6073,4.35,4.192
2024-04-09,0.6622,120.7048,7.2316,14.98,92.13,4.36,5209.91,0.6608,62.3,4.78,16488.0,100.38,0.6085,4.35,4.168
2024-04-10,0.6509,121.5727,7.2341,15.8,91.57,4.55,5160.64,0.6621,62.4,4.7884,16523.0,100.51,0.6101,4.35,4.113
2024-04-11,0.6525,121.6081,7.2373,14.91,91.49,4.56,5199.06,0.6523,61.7,4.7202,16306.0,99.79,0.6072,4.35,4.251
2024-04-12,0.6478,122.2885,7.2374,17.31,93.12,4.5,5123.41,0.6526,61.8,4.7227,16314.0,99.98,0.6092,4.35,4.262
2024-04-15,0.6469,122.425,7.2382,19.23,90.84,4.63,5061.82,0.6488,61.6,4.6964,16282.0,99.8,0.6087,4.35,4.257
2024-04-16,0.6412,123.1234,7.2383,18.4,91.29,4.67,5051.41,0.6426,61.2,4.6511,16235.0,99.19,0.6051,4.35,4.326
2024-04-17,0.6419,123.0207,7.2389,18.21,89.54,4.59,5022.21,0.6408,61.1,4.6395,16267.0,99.08,0.6038,4.35,4.379
2024-04-18,0.6437,123.0017,7.2382,18.0,88.34,4.64,5011.12,0.6448,61.3,4.6656,16372.0,99.49,0.6037,4.35,4.275
2024-04-19,0.6423,123.1075,7.2403,18.71,87.96,4.62,4967.23,0.6397,60.9,4.6319,16285.0,98.72,0.6017,4.35,4.251
2024-04-22,0.6439,123.0609,7.2403,16.94,87.3,4.62,5010.6,0.6434,61.3,4.6603,16375.0,99.55,0.6034,4.35,4.315
2024-04-23,0.6479,122.7227,7.2445,15.69,88.29,4.61,5070.55,0.6455,61.5,4.6768,16431.0,99.9,0.6061,4.35,4.266
2024-04-24,0.6486,122.89,7.246,15.97,89.02,4.65,5071.63,0.6519,62.0,4.7235,16590.0,100.97,0.6092,4.35,4.404
2024-04-25,0.6506,122.8384,7.246,15.37,88.1,4.7,5048.42,,,,,,,,
2024-04-26,0.6528,122.9471,7.2464,15.03,89.95,4.67,5099.96,0.6539,62.3,4.7383,16563.0,102.08,0.6096,4.35,4.518
2024-04-29,0.6565,122.5449,7.2318,14.67,88.44,4.63,5116.17,0.6569,62.6,4.7592,16645.0,103.0,0.6124,4.35,4.484
2024-04-30,0.649,122.9853,7.2401,15.65,88.23,4.69,5035.69,0.6525,62.2,4.7264,16534.0,102.33,0.6098,4.35,4.42
2024-05-01,0.6496,123.0168,7.2405,15.39,83.55,4.63,5018.39,0.6475,61.8,4.6886,16407.0,102.25,0.6077,4.35,4.505
2024-05-02,0.6547,122.4384,7.2405,14.68,84.81,4.58,5064.2,0.6541,62.3,4.7364,16601.0,101.85,0.6104,4.35,4.445
2024-05-03,0.6616,122.1375,7.2405,13.49,83.6,4.5,5127.79,0.6579,62.3,4.7639,16719.0,100.65,0.6129,4.35,4.416
2024-05-06,0.6623,121.8913,7.2071,13.49,,4.49,5180.74,0.6613,62.6,4.7718,16781.0,101.8,0.6145,4.35,4.377
2024-05-07,0.6608,122.093,7.2185,13.23,82.69,4.47,5187.7,0.66,62.5,4.7634,16771.0,101.99,0.6135,4.35,4.304
2024-05-08,0.6585,122.1926,7.2185,13.0,82.44,4.48,5187.67,0.6579,62.4,4.7533,16730.0,102.09,0.6125,4.35,4.29
2024-05-09,0.6606,122.1634,7.2198,12.69,83.27,4.45,5214.08,0.6577,62.5,4.7522,16729.0,102.36,0.6122,4.35,4.344
2024-05-10,0.6607,122.014,7.226,12.55,83.39,4.5,5222.68,0.661,62.7,4.7755,16824.0,102.87,0.6134,4.35,4.319
2024-05-13,0.6611,122.0261,7.2325,13.6,83.18,4.48,5221.42,0.6596,62.6,4.7717,16789.0,102.8,0.6123,4.35,4.325
2024-05-14,0.6623,121.9256,7.2335,13.42,81.0,4.45,5246.68,0.66,62.7,4.7769,16802.0,103.24,0.6119,4.35,4.325
2024-05-15,0.6674,121.3543,7.219,12.45,79.98,4.36,5308.15,0.6648,63.0,4.8019,16922.0,103.87,0.614,4.35,4.314
2024-05-16,0.6683,121.2236,7.2181,12.42,81.65,4.38,5297.1,0.6679,63.0,4.8196,16992.0,102.98,0.6139,4.35,4.185
2024-05-17,0.6686,121.2354,7.2233,11.99,82.24,4.42,5303.27,0.6673,63.1,4.819,16982.0,103.95,0.6144,4.35,4.211
2024-05-20,0.6675,121.2289,7.2344,12.15,81.91,4.44,5308.13,0.6704,63.4,4.8471,17064.0,104.38,0.6162,4.35,4.236
2024-05-21,0.6666,121.3793,7.2376,11.86,81.22,4.41,5321.41,0.6658,63.1,4.8181,16950.0,104.12,0.6132,4.35,4.251
2024-05-22,0.6636,121.5462,7.2405,12.29,79.9,4.43,5307.01,0.6674,63.2,4.8312,16996.0,104.31,0.6148,4.35,4.285
2024-05-23,0.6629,121.7477,7.2421,12.77,79.25,4.47,5267.84,0.6621,62.8,4.7965,16862.0,103.77,0.6118,4.35,4.255
2024-05-24,0.6629,121.6172,7.2425,11.93,78.92,4.46,5304.72,0.66,62.7,4.7816,16814.0,103.67,0.6105,4.35,4.308
2024-05-27,,,,12.36,,,,0.6634,62.9,4.8065,16892.0,103.99,0.6115,4.35,4.279
2024-05-28,0.6666,121.43,7.2451,12.92,81.34,4.54,5306.04,0.6667,63.1,4.8312,16970.0,104.57,0.6131,4.35,4.259
2024-05-29,0.6619,122.1641,7.2494,14.28,81.5,4.61,5266.95,0.6647,63.1,4.8183,16920.0,104.5,0.6129,4.35,4.398
2024-05-30,0.6642,121.9601,7.2493,14.47,81.42,4.55,5235.48,0.6597,62.7,4.7823,16793.0,103.55,0.6114,4.35,4.433
2024-05-31,0.664,122.098,7.241,12.92,79.41,4.51,5277.51,0.6637,63.1,4.8068,16896.0,104.08,0.6134,4.35,4.408
2024-06-03,0.6683,122.3509,7.242,13.11,76.45,4.41,5283.4,0.6646,63.1,4.8157,16888.0,104.61,0.6124,4.35,4.368
2024-06-04,0.6643,122.7256,7.2393,13.16,75.33,4.33,5291.34,0.6668,63.2,4.8315,16950.0,104.15,0.6116,4.35,4.304
2024-06-05,0.6643,122.5339,7.2475,12.63,75.41,4.29,5354.03,0.6658,63.1,4.8242,16923.0,103.63,0.612,4.35,4.245
2024-06-06,0.6662,122.3713,7.2451,12.58,77.62,4.28,5352.96,0.666,63.1,4.8254,16935.0,103.83,0.6119,4.35,4.225
2024-06-07,0.6589,123.549,7.2466,12.22,78.12,4.43,5346.99,0.6672,63.2,4.8337,16963.0,103.76,0.6126,4.35,4.22
2024-06-10,0.6611,123.9125,7.2475,12.74,79.59,4.47,5360.79,,,,,,,,
2024-06-11,0.6598,124.0349,7.2544,12.85,80.15,4.39,5375.32,0.6602,62.8,4.7886,16788.0,103.84,0.6133,4.35,4.324
2024-06-12,0.6701,123.8295,7.2544,12.04,80.52,4.31,5421.03,0.6621,63.0,4.8025,16848.0,104.11,0.6161,4.35,4.279
2024-06-13,0.6641,124.0235,7.2519,11.94,81.44,4.24,5433.74,0.6642,63.1,4.8161,16897.0,104.33,0.6147,4.35,4.19
2024-06-14,0.6617,124.1694,7.2557,12.66,81.49,4.2,5431.6,0.6626,63.1,4.8073,16840.0,104.79,0.6175,4.35,4.124
2024-06-17,0.6599,124.239,7.2561,12.75,82.45,4.28,5473.23,0.6601,62.9,4.7896,16804.0,103.95,0.6169,4.35,4.112
2024-06-18,0.6652,123.9776,7.2543,12.3,84.79,4.22,5487.03,0.6626,63.1,4.8077,16864.0,104.58,0.6179,4.35,4.155
2024-06-19,,,,12.48,85.64,,,0.667,63.5,4.8401,16976.0,105.25,0.6212,4.35,4.181
2024-06-20,0.6656,124.192,7.2604,13.28,85.92,4.25,5473.17,0.6669,63.5,4.8418,16976.0,105.44,0.6211,4.35,4.205
2024-06-21,0.664,124.1086,7.2609,13.2,86.42,4.25,5464.62,0.6665,63.6,4.8395,16963.0,105.95,0.6219,4.35,4.213
2024-06-24,0.6655,123.7125,7.2586,13.33,86.75,4.25,5447.87,0.6641,63.4,4.8225,16905.0,106.07,0.6207,4.35,4.218
2024-06-25,0.6642,123.9417,7.2629,12.84,86.81,4.23,5469.3,0.6664,63.6,4.8388,16965.0,106.26,0.6204,4.35,4.203
2024-06-26,0.6649,124.26,7.2666,12.55,85.76,4.32,5477.9,0.6686,63.9,4.8583,17024.0,106.86,0.6247,4.35,4.313
2024-06-27,0.6648,124.3379,7.2688,12.24,87.0,4.29,5482.87,0.6666,63.8,4.8454,16975.0,106.93,0.6232,4.35,4.411
2024-06-28,0.6677,124.2103,7.2672,12.44,87.26,4.36,5460.48,0.6624,63.3,4.8143,16855.0,106.61,0.6196,4.35,4.312
2024-07-01,0.6656,124.4667,7.2683,12.22,86.57,4.48,5475.09,0.6668,63.7,4.8462,16969.0,107.39,0.62,4.35,4.385
2024-07-02,0.6659,124.2917,7.2712,12.03,88.28,4.43,5509.01,0.6646,63.6,4.8324,16917.0,107.47,0.6193,4.35,4.41
2024-07-03,0.6719,123.7768,7.2699,12.09,88.25,4.36,5537.02,0.6673,63.9,4.8535,16985.0,108.02,0.6214,4.35,4.43
2024-07-04,,,,12.26,88.34,,,0.6717,64.2,4.8843,17099.0,108.47,0.6225,4.35,4.416
2024-07-05,0.6743,123.4762,7.268,12.48,88.66,4.28,5567.19,0.6734,64.2,4.8939,17121.0,108.2,0.6223,4.35,4.405
2024-07-08,0.6741,123.3576,7.2683,12.37,87.15,4.28,5572.85,0.6744,64.3,4.9024,17141.0,108.38,0.6231,4.35,4.362
2024-07-09,0.6737,123.4071,7.2725,12.51,86.48,4.3,5576.98,0.6744,64.3,4.9042,17142.0,108.52,0.6228,4.35,4.348
2024-07-10,0.6747,123.1895,7.2758,12.85,86.55,4.28,5633.91,0.6744,64.4,4.9067,17146.0,108.92,0.6234,4.35,4.348
2024-07-11,0.6776,122.769,7.2573,12.92,86.49,4.2,5584.54,0.6761,64.5,4.9155,17188.0,109.32,0.6239,4.35,4.377
2024-07-12,0.6788,122.4404,7.2495,12.46,87.35,4.18,5615.35,0.6772,64.4,4.9189,17216.0,107.7,0.6231,4.35,4.328
2024-07-15,0.6778,122.6347,7.2592,13.12,86.42,4.23,5631.22,0.6775,64.4,4.9189,17212.0,107.01,0.6218,4.35,4.328
2024-07-16,0.6726,122.7264,7.2685,13.19,86.6,4.17,5667.2,0.6738,64.1,4.8955,17101.0,106.95,0.6188,4.35,4.255
2024-07-17,0.6728,122.518,7.2607,14.48,85.76,4.16,5588.27,0.6736,64.0,4.8952,17092.0,106.36,0.6177,4.35,4.26
2024-07-18,0.6726,122.7909,7.26,15.93,86.26,4.2,5544.59,0.6739,63.8,4.889,17040.0,105.16,0.6162,4.35,4.244
2024-07-19,0.6694,123.147,7.2695,16.52,85.19,4.25,5505.0,0.6701,63.7,4.8701,16980.0,105.72,0.6153,4.35,4.289
2024-07-22,0.6639,123.2172,7.2736,14.91,83.44,4.26,5564.41,0.6663,63.4,4.8463,16879.0,104.64,0.6122,4.35,4.313
2024-07-23,0.6619,123.3843,7.2748,14.72,82.2,4.25,5555.74,0.6633,63.0,4.825,16818.0,103.69,0.6091,4.35,4.354
2024-07-24,0.66,123.5575,7.2622,18.04,83.01,4.28,5427.13,0.6595,62.6,4.7974,16733.0,101.99,0.6077,4.35,4.333
2024-07-25,0.6552,123.5286,7.231,18.46,82.58,4.27,5399.22,0.6546,62.0,4.7413,16591.0,99.98,0.6036,4.35,4.318
2024-07-26,0.6557,123.672,7.2502,16.39,81.35,4.2,5459.1,0.6555,62.1,4.7498,16583.0,100.72,0.6037,4.35,4.313
2024-07-29,0.654,124.1392,7.2597,16.6,80.94,4.17,5463.54,0.6552,62.1,4.7534,16573.0,100.5,0.6034,4.35,4.279
2024-07-30,0.6537,124.2855,7.2511,17.69,79.26,4.15,5436.44,0.6556,62.2,4.761,16570.0,101.4,0.6059,4.35,4.284
2024-07-31,0.6535,123.6373,7.2193,16.36,81.39,4.09,5522.3,0.6491,61.4,4.6958,16407.0,99.23,0.5996,4.35,4.12
2024-08-01,0.6522,123.8693,7.2441,18.59,81.37,3.99,5446.68,0.6534,61.5,4.7253,16461.0,97.83,0.6035,4.35,4.092
2024-08-02,0.6528,123.4681,7.16,23.39,78.35,3.8,5346.56,0.6515,61.2,4.6944,16424.0,97.07,0.603,4.35,4.056
2024-08-05,0.6488,123.5787,7.13,38.57,77.51,3.78,5186.33,,,,,,,4.35,3.983
2024-08-06,0.6519,123.6532,7.1563,27.71,76.62,3.9,5240.03,0.6511,60.8,4.6549,16372.0,94.96,0.5947,4.35,4.026
2024-08-07,0.6552,123.5698,7.176,27.85,78.26,3.96,5199.5,0.6551,61.3,4.7051,16492.0,96.29,0.6005,4.35,4.087
2024-08-08,0.6581,123.4466,7.1747,23.79,80.76,3.99,5319.31,0.6552,61.1,4.6886,16475.0,95.64,0.5991,4.35,4.076
2024-08-09,0.6577,122.9276,7.166,20.37,81.07,3.94,5344.16,0.6592,61.5,4.7251,16553.0,96.92,0.6037,4.35,4.065
2024-08-12,0.6595,123.2204,7.1744,20.71,83.06,3.9,5344.39,0.6582,61.5,4.7273,16516.0,96.89,0.6028,4.35,4.056
2024-08-13,0.6613,123.0146,7.1558,18.12,82.51,3.85,5434.43,0.6594,61.6,4.7307,16568.0,97.36,0.6027,4.35,4.012
2024-08-14,0.6617,122.4297,7.1382,16.19,82.15,3.83,5455.21,0.6634,61.7,4.743,16643.0,97.58,0.6036,4.35,3.938
2024-08-15,0.6629,122.5844,7.1734,15.23,83.09,3.92,5543.22,0.662,61.6,4.7367,16583.0,97.41,0.6013,4.35,3.882
2024-08-16,0.6649,122.3972,7.1644,14.8,81.56,3.89,5554.25,0.663,61.9,4.7546,16613.0,98.73,0.6035,4.35,3.937
2024-08-19,0.6715,121.8788,7.1393,14.65,81.09,3.86,5608.25,0.6684,61.8,4.7688,16717.0,97.2,0.6051,4.35,3.922
2024-08-20,0.6743,121.7728,7.132,15.88,78.85,3.82,5597.12,0.6719,62.2,4.8021,16746.0,98.96,0.6066,4.35,3.957
2024-08-21,0.6753,121.8535,7.1344,16.27,78.77,3.79,5620.85,0.6742,62.3,4.8087,16796.0,98.21,0.6064,4.35,3.898
2024-08-22,0.6708,122.3626,7.144,17.55,78.8,3.86,5570.64,0.674,62.2,4.8074,16804.0,97.91,0.6049,4.35,3.892
2024-08-23,0.6777,121.4597,7.1244,15.86,80.34,3.81,5634.61,0.672,62.1,4.7977,16782.0,97.9,0.604,4.35,3.927
2024-08-26,0.6772,121.6943,7.1212,16.15,,3.82,5616.84,0.6776,62.3,4.8259,16859.0,97.62,0.6061,4.35,3.863
2024-08-27,0.6779,121.8672,7.1244,15.43,81.51,3.83,5625.8,0.6787,62.5,4.8354,16842.0,98.27,0.6077,4.35,3.917
2024-08-28,0.6781,121.8943,7.1245,17.11,80.04,3.84,5592.18,0.6789,62.5,4.8426,16877.0,98.03,0.6093,4.35,3.937
2024-08-29,0.6807,122.2333,7.0972,15.65,81.55,3.87,5591.96,0.6807,62.6,4.8376,16926.0,98.43,0.6113,4.35,3.961
2024-08-30,0.6765,122.3262,7.09,15.0,80.2,3.91,5648.4,0.6806,62.6,4.8261,16933.0,98.59,0.6144,4.35,3.976
2024-09-02,,,,15.55,77.82,,,0.6766,62.4,4.8057,16837.0,98.86,0.612,4.35,4.021
2024-09-03,0.6721,122.7811,7.1209,20.72,76.46,3.84,5528.93,0.6741,62.3,4.8001,16774.0,98.63,0.6095,4.35,4.011
2024-09-04,0.6724,122.5144,7.1119,21.32,74.67,3.77,5520.07,0.6704,61.9,4.7688,16661.0,97.34,0.6063,4.35,3.961
2024-09-05,0.6727,122.4533,7.0921,19.9,74.47,3.73,5503.41,0.6723,61.8,4.7736,16650.0,96.41,0.6067,4.35,3.936
2024-09-06,0.6678,122.4991,7.0876,22.38,72.82,3.72,5408.42,0.6724,61.6,4.7625,16561.0,95.89,0.6048,4.35,3.89
2024-09-09,0.6664,122.7156,7.1133,19.45,72.37,3.7,5471.05,0.6668,61.3,4.7418,16423.0,95.3,0.6024,4.35,3.966
2024-09-10,0.6652,123.0071,7.1205,19.08,70.34,3.65,5495.52,0.6668,61.4,4.7469,16453.0,95.46,0.604,4.35,3.918
2024-09-11,0.665,122.7754,7.1192,17.69,70.31,3.65,5554.13,0.6659,61.2,4.736,16348.0,94.09,0.603,4.35,3.859
2024-09-12,0.6696,122.4423,7.1173,17.07,73.81,3.68,5595.76,0.6693,61.6,4.7649,16418.0,95.6,0.6072,4.35,3.863
2024-09-13,0.6712,121.6551,7.093,16.56,73.68,3.66,5626.02,0.6722,61.6,4.7738,16503.0,94.68,0.6065,4.35,3.827
2024-09-16,0.6739,121.4976,7.0958,17.14,73.96,3.63,5633.09,0.6727,61.5,4.7743,16532.0,94.27,0.6061,4.35,3.823
2024-09-17,0.6754,121.6031,7.0958,17.61,74.55,3.65,5634.58,0.6748,61.7,4.7892,16610.0,94.97,0.6065,4.35,3.843
2024-09-18,0.6761,121.5618,7.0812,18.23,74.52,3.7,5618.26,0.6761,61.9,4.7979,16681.0,95.7,0.6079,4.35,3.872
2024-09-19,0.6817,121.3059,7.0675,16.33,75.93,3.73,5713.64,0.6801,62.2,4.8076,16761.0,96.97,0.611,4.35,3.939
2024-09-20,0.6806,121.4052,7.0505,16.15,75.96,3.73,5702.55,0.6818,62.2,4.803,16731.0,97.01,0.6107,4.35,3.93
2024-09-23,0.6848,121.4303,7.0508,15.89,74.95,3.75,5718.57,0.6828,62.4,4.8111,16791.0,98.4,0.6116,4.35,3.968
2024-09-24,0.6873,121.1291,7.0318,15.39,75.29,3.74,5732.93,0.6839,62.5,4.8123,16829.0,98.54,0.6152,4.35,3.9
2024-09-25,0.6837,121.4447,7.0315,15.41,75.4,3.79,5722.26,0.688,62.6,4.8281,16894.0,98.57,0.6145,4.35,3.919
2024-09-26,0.6902,121.0785,7.0106,15.37,73.06,3.79,5745.37,0.6863,62.6,4.8164,16904.0,99.31,0.6154,4.35,3.952
2024-09-27,0.6911,121.1111,7.0111,16.96,71.63,3.75,5738.17,0.6878,62.7,4.824,16923.0,100.6,0.616,4.35,3.972
2024-09-30,0.6934,121.2864,7.0176,16.73,72.35,3.81,5762.48,0.6932,62.8,4.8613,17033.0,98.22,0.6208,4.35,3.987
2024-10-01,0.6888,121.6881,7.0175,19.26,75.3,3.74,5708.75,0.6928,63.1,4.8626,17026.0,99.94,0.622,4.35,3.996
2024-10-02,0.6895,121.5724,7.0175,18.9,74.86,3.79,5709.54,0.688,62.7,4.8289,16973.0,98.87,0.6219,4.35,3.941
2024-10-03,0.6843,122.1197,7.0175,20.49,77.57,3.85,5699.94,0.6865,62.9,4.8183,16987.0,100.61,0.6224,4.35,4.0
2024-10-04,0.6797,122.2197,7.0175,19.21,79.32,3.98,5751.07,0.6848,62.8,4.8064,16949.0,100.05,0.6206,4.35,4.063
2024-10-07,0.6761,122.4241,7.0175,22.64,81.74,4.03,5695.94,,,,,,,4.35,
2024-10-08,0.6738,122.6625,7.0595,21.42,78.19,4.04,5751.13,0.6739,62.2,4.7577,16738.0,99.77,0.6134,4.35,4.155
2024-10-09,0.6725,122.8821,7.0818,20.86,77.06,4.06,5792.04,0.6746,62.3,4.7675,16752.0,100.06,0.6153,4.35,4.181
2024-10-10,0.6733,123.0951,7.0794,20.93,79.45,4.09,5780.05,0.6739,62.4,4.7617,16750.0,100.68,0.6159,4.35,4.215
2024-10-11,0.6756,122.9805,7.0667,20.46,80.27,4.08,5815.03,0.6744,62.4,4.7691,16739.0,100.29,0.6167,4.35,4.22
2024-10-14,,,,19.7,78.47,,5859.85,0.6738,62.4,4.7674,16741.0,100.6,0.6168,4.35,4.264
2024-10-15,0.6709,123.5124,7.1192,20.64,73.68,4.03,5815.26,0.6711,62.4,4.7743,16733.0,100.45,0.616,4.35,4.244
2024-10-16,0.6662,123.9235,7.1192,19.58,73.65,4.02,5842.47,0.6691,62.1,4.7614,16706.0,99.87,0.6144,4.35,4.196
2024-10-17,0.6702,124.1122,7.1216,19.11,74.37,4.09,5841.47,0.6691,62.2,4.7657,16818.0,100.06,0.6165,4.35,4.239
2024-10-18,0.67,123.9185,7.1015,18.03,72.75,4.08,5864.67,0.6702,62.4,4.7716,16919.0,100.46,0.6183,4.35,4.298
2024-10-21,0.6661,124.4757,7.1189,18.37,73.29,4.19,5853.98,0.6705,62.3,4.7633,16920.0,100.13,0.6174,4.35,4.264
2024-10-22,0.6679,124.4107,7.123,18.2,75.59,4.2,5851.2,0.6687,62.4,4.7638,16968.0,100.9,0.6181,4.35,4.423
2024-10-23,0.6632,124.6931,7.1252,19.24,74.68,4.24,5797.42,0.6677,62.4,4.7605,16956.0,101.54,0.6181,4.35,4.457
2024-10-24,0.6629,124.5127,7.119,19.08,74.27,4.21,5809.86,0.6648,62.1,4.7273,16909.0,101.2,0.6159,4.35,4.442
2024-10-25,0.6621,124.6105,7.1199,20.33,75.62,4.25,5808.12,0.6621,61.9,4.7174,16824.0,100.45,0.6118,4.35,4.403
2024-10-28,0.6587,124.8076,7.1254,19.8,71.87,4.28,5823.52,0.6591,61.8,4.7016,16735.0,101.26,0.611,4.35,4.472
2024-10-29,0.6557,124.8612,7.1301,19.34,71.09,4.28,5832.92,0.6565,61.5,4.6869,16619.0,100.41,0.6074,4.35,4.438
2024-10-30,0.6584,124.8153,7.1229,20.35,73.21,4.29,5813.67,0.6543,61.3,4.6692,16575.0,100.34,0.6049,4.35,4.458
2024-10-31,0.655,124.7988,7.1178,23.16,73.25,4.28,5705.45,0.6569,61.5,4.6774,16616.0,100.45,0.6055,4.35,4.496
2024-11-01,0.6582,124.8076,7.1214,21.88,73.63,4.37,5728.8,0.6576,61.5,4.6836,16660.0,100.28,0.6046,4.35,4.531
2024-11-04,0.6584,124.5903,7.0995,21.98,74.89,4.31,5712.69,0.6609,61.6,4.685,16717.0,100.35,0.6064,4.35,4.552
2024-11-05,0.6633,124.5532,7.1047,20.49,76.98,4.26,5782.76,0.6594,61.6,4.6861,16708.0,100.53,0.6063,4.35,4.556
2024-11-06,0.6573,125.7035,7.1782,16.27,76.52,4.42,5929.04,0.6543,61.5,4.6828,16606.0,100.46,0.6071,4.35,4.62
2024-11-07,0.6671,124.775,7.1412,15.2,75.73,4.31,5973.1,0.6622,62.4,4.7503,16830.0,102.07,0.6167,4.35,4.631
2024-11-08,0.6573,125.5811,7.1785,14.94,74.04,4.3,5995.54,0.6654,62.4,4.7586,16837.0,101.64,0.6171,4.35,4.571
2024-11-11,,,,14.97,72.19,,6001.35,0.6594,62.1,4.7392,16680.0,101.27,0.6155,4.35,4.571
2024-11-12,0.6522,126.7762,7.232,14.71,72.56,4.43,5983.99,0.6555,62.0,4.7402,16617.0,100.63,0.6158,4.35,4.557
2024-11-13,0.6486,126.9572,7.2245,14.02,72.86,4.44,5985.38,0.6537,61.9,4.722,16571.0,101.23,0.6156,4.35,4.661
2024-11-14,0.6473,127.0015,7.2272,14.31,73.39,4.43,5949.17,0.6471,61.6,4.686,16433.0,100.99,0.6135,4.35,4.691
2024-11-15,0.6461,126.8848,7.2288,16.14,73.45,4.43,5870.62,0.6466,61.5,4.6772,16420.0,101.1,0.6134,4.35,4.631
2024-11-18,0.6498,126.6045,7.2364,15.58,74.35,4.42,5893.62,0.6472,61.4,4.6833,16431.0,100.08,0.614,4.35,4.597
2024-11-19,0.6524,126.3994,7.2392,16.35,74.32,4.39,5916.98,0.6508,61.7,4.707,16536.0,100.5,0.6147,4.35,4.558
2024-11-20,0.6494,126.88,7.2459,17.16,74.33,4.41,5917.11,0.6528,61.9,4.7274,16593.0,101.21,0.6163,4.35,4.552
2024-11-21,0.6503,127.1047,7.2368,16.87,75.09,4.43,5948.71,0.6517,61.9,4.7197,16568.0,101.07,0.6177,4.35,4.573
2024-11-22,0.6495,127.4712,7.2455,15.24,76.1,4.41,5969.34,0.6504,61.8,4.7127,16532.0,100.43,0.6209,4.35,4.539
2024-11-25,0.6491,126.9948,7.2395,14.6,74.27,4.27,5987.37,0.6525,62.0,4.7272,16582.0,100.57,0.6227,4.35,4.48
2024-11-26,0.6461,127.4301,7.252,14.1,74.56,4.3,6021.63,0.6493,61.7,4.7102,16501.0,99.89,0.6196,4.35,4.441
2024-11-27,0.6492,126.8205,7.2458,14.1,73.91,4.25,5998.74,0.6476,61.5,4.6998,16456.0,98.64,0.618,4.35,4.412
2024-11-28,,,,13.9,73.92,,,0.6492,61.4,4.7052,16453.0,98.44,0.6151,4.35,4.356
2024-11-29,0.6513,126.5798,7.2423,13.51,74.16,4.18,6032.38,0.6517,61.5,4.7132,16519.0,97.75,0.6166,4.35,4.335
2024-12-02,0.6459,127.1272,7.2714,13.34,72.81,4.19,6047.15,0.6496,61.5,4.721,16489.0,97.82,0.6173,4.35,4.331
2024-12-03,0.6483,126.9565,7.2858,13.3,74.8,4.23,6049.88,0.6469,61.4,4.7171,16434.0,97.15,0.617,4.35,4.301
2024-12-04,0.6436,126.7574,7.2632,13.45,74.68,4.19,6086.49,0.6438,61.0,4.6837,16354.0,96.54,0.6125,4.35,4.261
2024-12-05,0.6439,126.4286,7.2558,13.54,73.78,4.17,6075.11,0.6433,60.9,4.6775,16340.0,96.76,0.6116,4.35,4.231
2024-12-06,0.6382,126.688,7.27,12.77,73.78,4.15,6090.27,0.643,60.8,4.6657,16316.0,96.44,0.608,4.35,4.217
2024-12-09,0.6462,126.5981,7.2604,14.19,73.73,4.2,6052.85,0.6382,60.5,4.6458,16195.0,95.65,0.6058,4.35,4.197
2024-12-10,0.6377,126.957,7.25,14.18,73.64,4.22,6034.91,0.6385,60.5,4.6287,16201.0,96.5,0.6048,4.35,4.135
2024-12-11,0.6378,126.8483,7.2605,13.58,74.38,4.26,6084.19,0.6374,60.4,4.6204,16174.0,96.6,0.6056,4.35,4.184
2024-12-12,0.6388,126.9556,7.2685,13.92,73.52,4.32,6051.25,0.6417,60.9,4.6601,16297.0,97.67,0.6106,4.35,4.263
2024-12-13,0.6359,127.3096,7.2756,13.81,74.89,4.4,6051.09,0.6367,60.6,4.6332,16175.0,97.38,0.6085,4.35,4.289
2024-12-16,0.6372,127.2687,7.2836,14.69,74.3,4.39,6074.08,0.6377,60.8,4.6419,16188.0,98.05,0.6065,4.35,4.317
2024-12-17,0.6339,127.5043,7.2846,15.87,73.16,4.4,6050.61,0.6356,60.6,4.6302,16151.0,97.95,0.6049,4.35,4.294
2024-12-18,0.6302,127.6418,7.2864,27.62,74.57,4.5,5872.16,0.6313,60.2,4.5991,16067.0,96.87,0.601,4.35,4.279
2024-12-19,0.6252,128.6366,7.2965,24.09,73.75,4.57,5867.08,0.6226,59.7,4.5443,15851.0,96.71,0.5998,4.35,4.411
2024-12-20,0.6266,127.893,7.2953,18.36,73.19,4.52,5930.85,0.6226,59.9,4.5442,15850.0,97.93,0.601,4.35,4.494
2024-12-23,0.6243,128.3021,7.2977,16.78,72.12,4.59,5974.07,0.6259,60.0,4.5679,15920.0,98.02,0.5993,4.35,4.405
2024-12-24,0.623,128.3377,7.2946,14.27,73.5,4.59,6040.04,0.624,59.9,4.5546,15881.0,97.98,0.6002,4.35,4.44
2024-12-26,0.6227,128.3329,7.2981,14.73,,4.58,6037.59,,,,,,,,
2024-12-27,0.6208,128.45,7.298,15.95,73.77,4.62,5970.84,0.6211,59.7,4.5326,15806.0,97.88,0.5967,4.35,4.38
2024-12-30,0.6219,128.8205,7.2993,17.4,74.24,4.55,5906.94,0.6241,60.0,4.5554,15886.0,98.48,0.5986,4.35,4.46
2024-12-31,0.6185,129.2775,7.2993,17.35,74.58,4.58,5881.63,0.6217,59.7,4.5373,15855.0,97.14,0.5974,4.35,4.366
2025-01-02,0.6208,129.4598,7.2994,17.93,76.14,4.57,5868.55,0.6217,59.8,4.538,15825.0,97.61,0.5995,4.35,4.435
2025-01-03,0.6209,129.4535,7.3199,16.13,76.72,4.6,5942.47,0.6216,59.9,4.5374,15823.0,97.78,0.6053,4.35,4.384
2025-01-06,0.6251,128.538,7.3223,16.04,77.27,4.62,5975.38,0.6223,60.1,4.5605,15800.0,98.16,0.6032,4.35,4.47
2025-01-07,0.6245,128.613,7.3264,17.82,77.84,4.67,5909.03,0.6259,60.3,4.5864,15885.0,98.94,0.6023,4.35,4.479
2025-01-08,0.6217,129.0785,7.3316,17.7,77.37,4.67,5918.25,0.623,60.1,4.5676,15815.0,98.58,0.6018,4.35,4.502
2025-01-09,0.6196,129.2827,7.3321,18.07,78.44,4.68,,0.6199,59.8,4.5449,15736.0,97.9,0.6013,4.35,4.487
2025-01-10,0.6147,129.8664,7.3326,19.54,79.76,4.77,5827.04,0.6194,59.8,4.5414,15716.0,98.1,0.6017,4.35,4.547
2025-01-13,0.6155,130.0413,7.3319,19.19,82.69,4.79,5836.22,0.6133,59.4,4.4965,15590.0,96.64,0.6006,4.35,4.636
2025-01-14,0.6184,129.3812,7.3311,18.71,82.39,4.78,5842.91,0.6189,59.8,4.5368,15710.0,97.47,0.6037,4.35,4.616
2025-01-15,0.6218,129.2092,7.3304,16.12,83.48,4.66,5949.91,0.6195,59.9,4.5421,15727.0,97.64,0.6013,4.35,4.626
2025-01-16,0.6221,129.436,7.3316,16.6,82.39,4.61,5937.34,0.6206,59.9,4.55,15751.0,96.79,0.6033,4.35,4.498
2025-01-17,0.621,129.4859,7.3249,15.97,83.02,4.61,5996.66,0.62,59.8,4.5431,15711.0,96.35,0.6023,4.35,4.498
2025-01-20,,,,15.81,81.68,,,0.6214,59.9,4.5459,15718.0,96.94,0.6031,4.35,4.482
2025-01-21,0.6272,128.4151,7.2712,15.06,80.57,4.57,6049.24,0.6249,59.9,4.5411,15786.0,96.9,0.6014,4.35,4.409
2025-01-22,0.6276,128.3402,7.2728,15.1,80.0,4.6,6086.37,0.6265,60.0,4.5599,15788.0,97.61,0.6014,4.35,4.464
2025-01-23,0.6287,128.2162,7.288,15.02,78.62,4.65,6118.71,0.6275,60.2,4.5686,15722.0,98.27,0.6027,4.35,4.474
2025-01-24,0.6322,127.4611,7.244,14.85,78.71,4.63,6101.24,0.6316,60.3,4.5791,15837.0,98.05,0.6045,4.35,4.48
2025-01-27,0.628,128.0912,7.2507,17.9,77.3,4.53,6012.28,,,,,,,,
2025-01-28,0.6247,128.2817,7.2422,16.41,78.01,4.55,6067.7,0.6253,59.8,4.53,15683.0,97.41,0.5993,4.35,4.427
2025-01-29,0.6228,128.3418,7.2422,16.56,77.02,4.55,6039.31,0.6237,59.6,4.5185,15643.0,96.86,0.5975,4.35,4.375
2025-01-30,0.6233,128.1004,7.2422,15.84,77.42,4.52,6071.17,0.6225,59.5,4.5098,15613.0,96.24,0.5975,4.35,4.385
2025-01-31,0.6242,128.4828,7.2422,16.43,77.11,4.58,6040.53,0.6225,59.6,4.5098,15613.0,96.14,0.5992,4.35,4.435
2025-02-03,0.6177,129.109,7.2422,18.62,76.49,4.54,5994.57,0.6116,58.9,4.4308,15495.0,95.23,0.598,4.35,4.386
2025-02-04,0.6257,128.1083,7.2422,17.21,76.58,4.52,6037.88,0.619,59.4,4.4844,15602.0,96.1,0.6006,4.35,4.421
2025-02-05,0.6296,127.9751,7.272,15.77,74.71,4.43,6061.48,0.6249,59.8,4.5518,15738.0,95.83,0.6021,4.35,4.363
2025-02-06,0.6279,128.2017,7.2883,15.5,74.54,4.45,6083.57,0.6263,59.9,4.5631,15811.0,95.42,0.6029,4.35,4.324
2025-02-07,0.6264,128.4292,7.2943,16.54,74.68,4.49,6025.99,0.6284,60.1,4.5781,15917.0,95.32,0.6054,4.35,4.364
2025-02-10,0.6279,128.6382,7.3045,15.81,76.23,4.51,6066.44,0.6272,60.2,4.5824,15915.0,95.28,0.6081,4.35,4.409
2025-02-11,0.6294,128.4322,7.3072,16.02,77.65,4.54,6068.5,0.6275,60.2,4.585,15986.0,95.37,0.609,4.35,4.395
2025-02-12,0.6285,128.3288,7.3088,15.89,75.38,4.62,6051.97,0.629,60.4,4.5972,16099.0,96.67,0.6073,4.35,4.469
2025-02-13,0.6292,127.8931,7.2888,15.1,75.61,4.52,6115.07,0.6296,60.3,4.5884,16023.0,97.19,0.6034,4.35,4.479
2025-02-14,0.6359,127.1491,7.253,14.77,75.19,4.47,6114.63,0.6321,60.4,4.6043,16068.0,96.48,0.6046,4.35,4.424
2025-02-17,,,,15.37,75.81,,,0.6369,60.6,4.6155,16205.0,96.6,0.6068,4.35,4.46
2025-02-18,0.6353,127.2906,7.2786,15.35,76.46,4.55,6129.58,0.6353,60.7,4.6215,16245.0,96.66,0.6075,4.35,4.514
2025-02-19,0.6341,127.7317,7.2833,15.27,76.34,4.53,6144.15,0.6364,60.8,4.6352,16247.0,96.59,0.6089,4.1,4.534
2025-02-20,0.6393,127.1126,7.2555,15.66,76.95,4.5,6117.52,0.6363,60.6,4.6228,16247.0,95.6,0.6101,4.1,4.534
2025-02-21,0.6376,127.1408,7.2501,18.21,74.88,4.42,6013.13,0.6397,60.8,4.6328,16303.0,96.17,0.6093,4.1,4.52
2025-02-24,0.6361,127.1921,7.2476,18.98,74.89,4.4,5983.25,0.6381,60.5,4.6165,16262.0,95.24,0.6068,4.1,4.446
2025-02-25,0.6332,127.3752,7.2512,19.43,73.11,4.3,5955.25,0.6351,60.4,4.6077,16182.0,95.0,0.6064,4.1,4.407
2025-02-26,0.6323,127.2822,7.2595,19.1,73.49,4.25,5956.06,0.6328,60.2,4.5931,16165.0,94.57,0.6028,4.1,4.372
2025-02-27,0.6256,127.9704,7.2853,21.13,75.01,4.29,5861.57,0.6288,59.9,4.5707,16072.0,93.75,0.601,4.1,4.348
2025-02-28,0.6211,128.2805,7.2828,19.63,74.76,4.24,5954.5,0.6214,59.5,4.5278,15882.0,92.97,0.5982,4.1,4.303
2025-03-03,0.6249,127.75,7.2843,22.78,72.85,4.16,5849.72,0.622,59.5,4.5326,15926.0,93.51,0.5969,4.1,4.338
2025-03-04,0.6212,127.9966,7.2651,23.51,72.31,4.22,5778.15,0.6191,59.1,4.5063,15840.0,92.34,0.5908,4.1,4.278
2025-03-05,0.6312,126.504,7.2506,21.93,70.92,4.28,5842.63,0.625,59.5,4.5384,15959.0,93.64,0.5886,4.1,4.363
2025-03-06,0.6348,126.1099,7.2468,24.87,71.08,4.29,5738.52,0.6347,60.1,4.597,16168.0,94.7,0.5875,4.1,4.492
2025-03-07,0.63,125.9814,7.234,23.37,72.49,4.32,5770.2,0.6306,59.7,4.5678,16093.0,93.13,0.5832,4.1,4.413
2025-03-10,0.6308,126.268,7.2591,27.86,71.08,4.22,5614.56,0.6307,59.8,4.5772,16101.0,93.11,0.5822,4.1,4.449
2025-03-11,0.6285,126.0457,7.2278,26.92,71.51,4.28,5572.07,0.6277,59.5,4.5484,16000.0,92.27,0.5782,4.1,4.389
2025-03-12,0.6306,125.8664,7.2372,24.23,72.36,4.32,5599.3,0.6289,59.6,4.551,16009.0,93.17,0.577,4.1,4.449
2025-03-13,0.6289,126.0031,7.2439,24.66,70.82,4.27,5521.52,0.631,59.7,4.5657,16075.0,93.31,0.5792,4.1,4.43
2025-03-14,0.6318,125.6942,7.2377,21.77,71.94,4.31,5638.94,0.6294,59.7,4.558,16062.0,93.47,0.5806,4.1,4.434
2025-03-17,0.6375,125.3688,7.2327,20.51,71.93,4.31,5675.12,0.6326,59.9,4.5804,16153.0,94.27,0.5813,4.1,4.422
2025-03-18,0.6356,125.488,7.2273,21.7,71.93,4.29,5614.66,0.6375,60.3,4.611,16284.0,95.34,0.5842,4.1,4.413
2025-03-19,0.6331,125.8006,7.23,19.9,71.94,4.25,5675.29,0.6357,60.2,4.6005,16239.0,95.06,0.5816,4.1,4.434
2025-03-20,0.6301,125.985,7.2477,19.8,72.61,4.24,5662.89,0.6344,60.0,4.5905,16214.0,94.14,0.5819,4.1,4.389
2025-03-21,0.6266,126.2679,7.2486,19.28,72.64,4.25,5667.56,0.6289,59.7,4.5602,16084.0,93.97,0.5807,4.1,4.409
2025-03-24,0.6281,126.1956,7.2531,17.48,73.96,4.34,5767.57,0.6278,59.6,4.5575,16103.0,94.03,0.58,4.1,4.415
2025-03-25,0.6309,126.0535,7.2569,17.15,73.78,4.31,5776.65,0.6287,59.8,4.5649,16115.0,94.65,0.5819,4.1,4.439
2025-03-26,0.6307,126.2364,7.2675,18.33,74.6,4.35,5712.2,0.6311,60.0,4.5848,16150.0,95.01,0.5852,4.1,4.493
2025-03-27,0.6308,126.3626,7.2645,18.69,74.72,4.38,5693.31,0.6313,60.0,4.5841,16149.0,94.83,0.5856,4.1,4.523
2025-03-28,0.63,126.4187,7.2628,21.65,74.69,4.27,5580.94,0.6284,59.8,4.5655,16074.0,94.81,0.5825,4.1,4.478
2025-03-31,0.6236,126.7075,7.2567,22.28,77.23,4.23,5611.85,0.628,59.6,4.5548,16049.0,93.62,0.5796,4.1,4.402
2025-04-01,0.6278,126.4338,7.2697,21.77,77.78,4.17,5633.07,0.6269,59.6,4.555,16071.0,93.76,0.5791,4.1,4.391
2025-04-02,0.63,126.3811,7.2675,21.51,77.27,4.2,5670.97,0.6299,59.9,4.5791,16154.0,94.43,0.5836,4.1,4.397
2025-04-03,0.6352,124.7316,7.2813,30.02,72.54,4.06,5396.52,0.6266,59.5,4.5737,16173.0,92.45,0.5744,4.1,4.242
2025-04-04,0.6043,125.8129,7.2803,45.31,68.36,4.01,5074.08,0.6234,58.8,4.5395,16068.0,90.67,0.5621,4.1,4.199
2025-04-07,0.598,126.8282,7.3081,46.98,66.13,4.15,5062.25,0.6017,57.1,4.3984,15515.0,87.69,0.546,4.1,4.081
2025-04-08,0.6015,126.8668,7.3388,52.33,64.86,4.26,4982.77,0.6069,57.8,4.4492,15746.0,89.58,0.5533,4.1,4.222
2025-04-09,0.6003,126.628,7.3499,33.62,67.3,4.34,5456.9,0.5975,56.9,4.3916,15544.0,86.7,0.5401,4.1,4.376
2025-04-10,0.6192,125.089,7.314,40.72,65.37,4.4,5268.05,0.6199,58.9,4.5514,16008.0,90.88,0.5643,4.1,4.312
2025-04-11,0.6245,124.0163,7.2915,37.56,66.83,4.48,5363.36,0.6197,58.4,4.5375,15932.0,88.98,0.5492,4.1,4.377
2025-04-14,0.6312,123.6598,7.3119,30.89,67.18,4.38,5405.97,0.6303,59.1,4.605,16282.0,89.98,0.5536,4.1,4.381
2025-04-15,0.6358,123.776,7.315,30.12,66.58,4.35,5396.63,0.6352,59.6,4.6427,16456.0,90.88,0.5596,4.1,4.332
2025-04-16,0.6389,123.2724,7.3053,32.64,67.94,4.29,5275.7,0.6353,59.5,4.6533,16436.0,90.3,0.5582,4.1,4.323
2025-04-17,0.6382,123.1298,7.299,29.65,69.33,4.34,5282.7,0.6341,59.4,4.6347,16407.0,90.51,0.5586,4.1,4.264
2025-04-18,0.6375,122.9865,7.2996,,,,,,,,,,,,
2025-04-21,0.6412,122.3145,7.2914,33.82,,4.42,5158.2,,,,,,,,
2025-04-22,0.6391,122.4175,7.3118,30.57,68.93,4.41,5287.76,0.6437,60.0,4.7036,16681.0,90.07,0.5577,4.1,4.241
2025-04-23,0.6376,123.0252,7.286,28.45,68.26,4.4,5375.86,0.6398,59.9,4.6695,16609.0,90.9,0.5623,4.1,4.247
2025-04-24,0.6396,122.9251,7.2879,26.47,67.5,4.32,5484.77,0.6347,59.5,4.6324,16520.0,90.64,0.5599,4.1,4.217
2025-04-25,0.6396,122.8858,7.2864,24.84,66.99,4.29,5525.21,,,,,,,,
2025-04-28,0.6413,122.7176,7.2942,25.15,66.13,4.23,5528.75,0.6404,60.0,4.6724,16641.0,91.89,0.5631,4.1,4.153
2025-04-29,0.6385,122.5944,7.269,24.17,64.04,4.19,5560.83,0.6413,59.9,4.6643,16661.0,91.35,0.5632,4.1,4.174
2025-04-30,0.6399,122.5921,7.2706,24.7,63.37,4.17,5569.06,0.6416,59.9,4.6613,16680.0,91.43,0.5637,4.1,4.148
2025-05-01,0.6373,123.1405,7.2706,24.6,62.37,4.25,5604.14,0.6394,59.8,4.6493,16622.0,92.11,0.5658,4.1,4.173
2025-05-02,0.6447,122.4962,7.2706,22.68,61.57,4.33,5686.67,0.6411,59.9,4.6617,16667.0,93.12,0.5669,4.1,4.203
2025-05-05,0.6472,122.2613,7.2706,23.64,,4.36,5650.38,0.6479,60.2,4.7111,16829.0,93.4,0.5716,4.1,4.254
2025-05-06,0.6489,122.0417,7.2164,24.76,62.37,4.3,5606.91,0.6453,59.9,4.6598,16764.0,92.79,0.5702,4.1,4.319
2025-05-07,0.6462,122.117,7.225,23.55,60.31,4.26,5631.28,0.6484,60.1,4.6859,16830.0,92.76,0.5705,4.1,4.264
2025-05-08,0.6416,122.7568,7.234,22.48,62.22,4.37,5663.94,0.6445,59.9,4.6633,16739.0,92.76,0.5702,4.1,4.223
2025-05-09,0.6425,122.5191,7.2364,21.9,64.26,4.37,5659.91,0.6407,59.8,4.6429,16645.0,93.17,0.5702,4.1,4.273
2025-05-12,0.6369,123.4863,7.2018,18.39,65.28,4.45,5844.19,0.6439,60.0,4.651,16727.0,94.02,0.5737,4.1,4.347
2025-05-13,0.6472,122.9583,7.2057,18.22,66.93,4.49,5886.55,0.6409,59.9,4.6098,16631.0,94.74,0.5768,4.1,4.417
2025-05-14,0.6448,122.6746,7.208,18.62,65.91,4.53,5892.58,0.6472,60.5,4.6693,16796.0,95.18,0.5786,4.1,4.467
2025-05-15,0.6403,122.8174,7.2067,17.83,64.36,4.45,5916.93,0.6426,59.9,4.6333,16666.0,93.81,0.5741,4.1,4.521
2025-05-16,0.6395,123.0737,7.209,17.24,65.2,4.43,5958.38,0.6436,59.9,4.6335,16685.0,93.47,0.5738,4.1,4.443
2025-05-19,0.6458,122.4186,7.2144,18.14,66.25,4.46,5963.6,0.6402,59.7,4.6196,16614.0,92.94,0.5724,4.1,4.513
2025-05-20,0.6405,122.3199,7.2194,18.09,66.93,4.48,5940.46,0.6416,59.7,4.6319,16658.0,92.65,0.5701,4.1,4.389
2025-05-21,0.6468,121.7496,7.2019,20.87,65.86,4.58,5844.61,0.6452,59.8,4.65,16754.0,92.64,0.5693,3.85,4.439
2025-05-22,0.6417,122.0429,7.2037,20.28,64.87,4.54,5842.01,0.6448,59.8,4.6453,16749.0,92.44,0.5689,3.85,4.445
2025-05-23,0.6478,121.3837,7.1798,22.29,65.41,4.51,5802.82,0.6437,59.6,4.6348,16709.0,92.33,0.5684,3.85,4.41
2025-05-26,,,,20.57,,,,0.6527,60.1,4.6816,16911.0,93.02,0.5717,3.85,4.371
2025-05-27,0.6437,121.6099,7.195,18.96,64.32,4.43,5921.54,0.6481,59.9,4.6597,16795.0,92.85,0.5696,3.85,4.302
2025-05-28,0.6417,121.9888,7.1941,19.31,65.72,4.47,5888.55,0.6436,59.6,4.6319,16698.0,92.86,0.5688,3.85,4.321
2025-05-29,0.6443,121.5617,7.1855,19.18,64.6,4.43,5912.17,0.6421,59.7,4.6227,16716.0,93.71,0.5712,3.85,4.362
2025-05-30,0.6434,121.7674,7.1991,18.57,64.32,4.41,5911.69,0.6436,59.6,4.6259,16732.0,92.57,0.567,3.85,4.249
2025-06-02,0.6493,121.1881,7.1975,18.36,66.55,4.46,5935.94,0.6458,59.8,4.649,16806.0,92.58,0.5675,3.85,4.259
2025-06-03,0.6462,121.4592,7.1872,17.69,67.48,4.46,5970.37,0.6464,59.8,4.6511,16841.0,92.41,0.5659,3.85,4.25
2025-06-04,0.6499,121.0539,7.1844,17.61,66.69,4.37,5970.81,0.6458,59.8,4.6443,16833.0,93.13,0.5683,3.85,4.241
2025-06-05,0.6517,120.9596,7.175,18.48,67.14,4.4,5939.3,0.649,59.9,4.6611,16940.0,92.9,0.5689,3.85,4.241
2025-06-06,0.6496,121.161,7.1886,16.77,68.02,4.51,6000.36,0.6501,60.0,4.6692,16948.0,93.54,0.5685,3.85,4.261
2025-06-09,0.6526,120.9103,7.1802,17.16,68.73,4.49,6005.88,,,,,,,,
2025-06-10,0.6523,121.0485,7.187,16.95,68.41,4.47,6038.81,0.6505,60.1,4.6757,16936.0,94.04,0.5704,3.85,4.243
2025-06-11,0.6521,120.587,7.1928,17.26,71.29,4.41,6022.24,0.6518,60.3,4.6834,16963.0,94.5,0.5707,3.85,4.279
2025-06-12,0.6525,120.1723,7.1726,18.02,70.84,4.36,6045.26,0.6504,59.9,4.6696,16927.0,93.48,0.5642,3.85,4.233
2025-06-13,0.6513,120.3245,7.181,20.82,76.0,4.41,5976.97,0.6475,59.8,4.6503,16890.0,92.94,0.5615,3.85,4.151
2025-06-16,0.6536,120.1565,7.179,19.11,75.05,4.46,6033.11,0.6499,59.9,4.6678,16957.0,93.63,0.5623,3.85,4.228
2025-06-17,0.6515,120.5048,7.1845,21.6,78.7,4.39,5982.72,0.6531,60.3,4.6901,17020.0,94.48,0.5651,3.85,4.253
2025-06-18,0.652,120.7305,7.1888,20.14,78.38,4.38,5980.87,0.6504,60.1,4.6737,16968.0,94.31,0.5654,3.85,4.248
2025-06-19,,,,22.17,80.37,,,0.6466,59.9,4.6494,16891.0,93.83,0.5644,3.85,4.214
2025-06-20,0.6455,121.0408,7.1785,20.62,78.73,4.38,5967.84,0.6492,60.1,4.6622,16966.0,94.42,0.5631,3.85,4.18
2025-06-23,0.6423,121.1694,7.179,19.83,74.34,4.34,6025.17,0.6412,59.6,4.6078,16781.0,94.33,0.5569,3.85,4.216
2025-06-24,0.6499,120.3645,7.1713,17.48,69.13,4.3,6092.18,0.6498,60.0,4.6641,17008.0,94.43,0.5597,3.85,4.152
2025-06-25,0.6493,120.3336,7.1764,16.76,68.4,4.29,6092.16,0.65,59.9,4.6602,16994.0,94.28,0.5594,3.85,4.118
2025-06-26,0.6555,119.6451,7.1675,16.59,68.57,4.26,6141.02,0.6528,60.0,4.6776,17060.0,94.43,0.5587,3.85,4.103
2025-06-27,0.6535,119.659,7.1721,16.32,69.37,4.29,6173.07,0.6543,60.2,4.6913,17077.0,94.51,0.5598,3.85,4.128
2025-06-30,0.6573,119.4088,7.1636,16.73,68.15,4.24,6204.95,0.655,60.1,4.6921,17087.0,94.26,0.5586,3.85,4.161
2025-07-01,0.6572,119.3436,7.1647,16.83,67.63,4.26,6198.01,0.6579,60.4,4.7128,17201.0,94.46,0.5582,3.85,4.116
2025-07-02,0.6571,119.3037,7.1649,16.64,70.8,4.3,6227.42,0.6577,60.4,4.7136,17205.0,94.54,0.558,3.85,4.151
2025-07-03,0.6576,119.2382,7.1684,16.38,70.42,4.35,6279.35,0.6572,60.3,4.708,17223.0,94.54,0.5571,3.85,4.181
2025-07-04,,,,17.48,71.03,,,0.6571,60.3,4.7076,17205.0,94.85,0.5576,3.85,4.191
2025-07-07,0.6513,119.6201,7.1744,17.79,71.95,4.4,6229.98,0.651,59.9,4.6686,17022.0,94.39,0.5531,3.85,4.182
2025-07-08,0.6524,119.8371,7.1738,16.81,72.5,4.42,6225.52,0.6539,60.3,4.6896,17082.0,95.53,0.5573,3.85,4.263
2025-07-09,0.6532,119.7311,7.18,15.94,71.98,4.34,6263.26,0.6534,60.3,4.6912,17080.0,96.04,0.5577,3.85,4.342
2025-07-10,0.6572,119.8343,7.1748,15.78,70.38,4.35,6280.46,0.6549,60.4,4.7005,17095.0,95.78,0.5579,3.85,4.284
2025-07-11,0.6577,119.9214,7.1681,16.4,72.06,4.43,6259.75,0.658,60.7,4.7169,17180.0,96.64,0.5634,3.85,4.327
2025-07-14,0.655,120.2209,7.167,17.2,70.96,4.43,6268.56,0.6561,60.6,4.7046,17137.0,96.69,0.5623,3.85,4.371
2025-07-15,0.652,120.5105,7.1729,17.38,70.27,4.5,6243.76,0.6555,60.6,4.7024,17127.0,96.73,0.561,3.85,4.38
2025-07-16,0.6522,120.4175,7.1791,17.16,69.67,4.46,6263.7,0.6528,60.5,4.6874,17077.0,97.16,0.5617,3.85,4.4
2025-07-17,0.6485,120.6384,7.1832,16.52,71.32,4.47,6297.36,0.6488,60.1,4.6574,16960.0,96.34,0.5585,3.85,4.347
2025-07-18,0.6527,120.356,7.1776,16.41,71.06,4.44,6296.79,0.6502,60.3,4.6693,17009.0,96.72,0.5597,3.85,4.338
2025-07-21,0.6531,119.9961,7.176,16.65,71.92,4.38,6305.6,0.6514,60.4,4.6752,17034.0,96.6,0.5599,3.85,4.323
2025-07-22,0.6556,119.681,7.1748,16.5,69.69,4.35,6309.62,0.6513,60.3,4.6714,17025.0,96.24,0.5573,3.85,4.306
2025-07-23,0.659,119.5697,7.1599,15.37,69.17,4.4,6358.91,0.6568,60.6,4.7046,17165.0,96.66,0.5598,3.85,4.297
2025-07-24,0.6601,119.5664,7.1541,15.39,70.42,4.43,6363.35,0.6621,60.9,4.7358,17310.0,96.69,0.5625,3.85,4.356
2025-07-25,0.6556,119.9857,7.1679,14.93,69.23,4.4,6388.64,0.6581,60.7,4.7134,17203.0,96.71,0.5602,3.85,4.346
2025-07-28,0.6519,120.6149,7.1778,15.03,70.87,4.42,6389.77,0.6564,60.7,4.7057,17178.0,97.05,0.5591,3.85,4.34
2025-07-29,0.6509,120.9674,7.1769,15.98,73.21,4.34,6370.86,0.6525,60.5,4.6827,17105.0,96.73,0.5635,3.85,4.33
2025-07-30,0.6452,121.4042,7.1934,15.48,73.98,4.38,6362.9,0.6511,60.4,4.6731,17071.0,96.38,0.5637,3.85,4.257
2025-07-31,0.643,121.721,7.2002,16.72,73.43,4.37,6339.39,0.6469,60.3,4.6532,16955.0,96.25,0.5656,3.85,4.262
2025-08-01,0.6468,121.2122,7.2116,20.38,70.55,4.23,6238.01,0.6435,60.1,4.6385,16871.0,96.83,0.5629,3.85,4.317
2025-08-04,0.6467,120.9859,7.178,17.52,69.56,4.22,6329.94,,,,,,,3.85,4.293
2025-08-05,0.6472,120.9082,7.1835,17.85,69.14,4.22,6299.19,0.6459,60.0,4.6404,16914.0,95.06,0.5593,3.85,4.228
2025-08-06,0.6504,120.5082,7.1822,16.77,67.97,4.22,6345.06,0.6487,60.3,4.664,17025.0,95.65,0.5602,3.85,4.258
2025-08-07,0.6502,120.5043,7.1806,16.57,66.99,4.23,6340.0,0.6517,60.4,4.6786,17084.0,95.98,0.5582,3.85,4.244
2025-08-08,0.6528,120.3329,7.1839,15.15,67.17,4.27,6389.45,0.6519,60.4,4.6827,17095.0,96.1,0.56,3.85,4.25
2025-08-11,0.6512,120.6892,7.1884,16.25,67.36,4.27,6373.45,0.6526,60.5,4.6867,17116.0,96.27,0.5593,3.85,4.25
2025-08-12,0.6532,120.2736,7.1785,14.73,66.8,4.29,6445.76,0.6498,60.3,4.6727,17059.0,96.38,0.5595,3.85,4.244
2025-08-13,0.6546,120.13,7.1744,14.49,66.25,4.24,6466.58,0.6532,60.5,4.6902,17162.0,96.63,0.5593,3.6,4.226
2025-08-14,0.649,120.6446,7.1795,14.83,68.12,4.29,6468.54,0.6549,60.5,4.6973,17210.0,95.92,0.5597,3.6,4.212
2025-08-15,0.6515,120.3377,7.1817,15.09,67.3,4.33,6449.8,0.6505,60.3,4.671,17091.0,95.73,0.5574,3.6,4.232
2025-08-18,0.6494,120.5622,7.1847,14.99,68.18,4.34,6449.15,0.652,60.4,4.6813,17138.0,96.09,0.557,3.6,4.272
2025-08-19,0.6459,120.7224,7.1819,15.57,66.62,4.3,6411.37,0.6479,60.1,4.6539,17039.0,95.67,0.5559,3.6,4.331
2025-08-20,0.6428,120.7757,7.1757,15.69,67.61,4.29,6395.78,0.645,59.9,4.6335,16983.0,95.11,0.5541,3.6,4.302
2025-08-21,0.6421,121.0843,7.1793,16.6,68.41,4.33,6370.17,0.6426,59.6,4.6095,16955.0,94.74,0.5516,3.6,4.283
2025-08-22,0.6485,120.2774,7.1651,14.22,68.29,4.26,6466.91,0.6417,59.7,4.6102,16956.0,95.4,0.5538,3.6,4.318
2025-08-25,0.65,120.4214,7.151,14.79,,4.28,6439.32,0.6494,60.1,4.6467,17081.0,95.66,0.555,3.6,4.289
2025-08-26,0.65,120.5274,7.152,14.62,66.89,4.26,6465.94,0.6482,60.1,4.6368,17074.0,95.75,0.5568,3.6,4.319
2025-08-27,0.6496,120.7274,7.1536,14.85,67.75,4.24,6481.4,0.6487,60.2,4.6446,17103.0,95.89,0.5582,3.6,4.329
2025-08-28,0.6532,120.2595,7.1306,14.43,68.61,4.22,6501.86,0.651,60.3,4.6554,17150.0,95.78,0.5594,3.6,4.291
2025-08-29,0.6545,120.2082,7.1304,15.36,67.83,4.23,6460.26,0.6538,60.5,4.6626,17224.0,96.12,0.5602,3.6,4.28
2025-09-01,,,,16.12,67.09,,,0.6544,60.6,4.6667,17240.0,96.14,0.5586,3.6,4.325
2025-09-02,0.6516,120.6837,7.139,17.17,68.09,4.28,6415.54,0.6538,60.6,4.6702,17224.0,96.72,0.559,3.6,4.364
2025-09-03,0.655,120.5052,7.1415,16.35,67.76,4.22,6448.26,0.6514,60.5,4.6552,17177.0,96.8,0.5601,3.6,4.424
2025-09-04,0.6514,120.7629,7.1414,15.3,66.41,4.17,6502.08,0.6525,60.6,4.6597,17213.0,96.72,0.5598,3.6,4.36
2025-09-05,0.657,120.1282,7.1323,15.18,64.92,4.1,6481.5,0.6537,60.6,4.6647,17258.0,96.87,0.5598,3.6,4.345
2025-09-08,0.6592,120.0971,7.1293,15.11,65.44,4.05,6495.15,0.6566,60.8,4.6843,17338.0,97.26,0.5604,3.6,4.286
2025-09-09,0.6593,120.1569,7.1209,15.04,67.97,4.08,6512.61,0.6614,61.0,4.7112,17452.0,97.13,0.5615,3.6,4.272
2025-09-10,0.6626,120.1223,7.1207,15.35,67.62,4.04,6532.04,0.661,61.1,4.7084,17429.0,97.44,0.5645,3.6,4.278
2025-09-11,0.6658,119.9534,7.1184,14.71,67.25,4.01,6587.47,0.6604,61.1,4.7032,17434.0,97.47,0.5649,3.6,4.24
2025-09-12,0.6636,120.0611,7.1242,14.76,67.87,4.06,6584.29,0.6658,61.5,4.741,17570.0,98.11,0.5675,3.6,4.224
2025-09-15,0.6671,119.5644,7.1186,15.69,67.88,4.05,6615.28,0.6661,61.5,4.7439,17568.0,98.26,0.5679,3.6,4.281
2025-09-16,0.6678,119.1348,7.1142,16.36,69.69,4.04,6606.76,0.6667,61.5,4.744,17586.0,98.0,0.5661,3.6,4.227
2025-09-17,0.6668,119.1582,7.1033,15.72,69.19,4.06,6600.35,0.6678,61.5,4.747,17612.0,97.85,0.5632,3.6,4.229
2025-09-18,0.6613,119.6616,7.1125,15.7,67.83,4.11,6631.96,0.6624,61.1,4.7098,17471.0,97.6,0.5618,3.6,4.201
2025-09-19,0.6597,119.7858,7.1142,15.45,67.05,4.14,6664.36,0.6596,61.0,4.6912,17400.0,97.31,0.5603,3.6,4.249
2025-09-22,0.6591,119.8152,7.114,16.1,66.87,4.15,6693.75,0.6593,61.0,4.6901,17413.0,97.75,0.5616,3.6,4.278
2025-09-23,0.6601,119.6202,7.1116,16.64,67.96,4.12,6656.92,0.6589,60.9,4.6872,17403.0,97.39,0.5584,3.6,4.273
2025-09-24,0.6587,120.1707,7.1315,16.18,69.64,4.16,6637.97,0.6625,61.3,4.7148,17499.0,97.97,0.5615,3.6,4.297
2025-09-25,0.655,120.5419,7.1338,16.74,70.48,4.18,6604.72,0.6595,61.2,4.6985,17417.0,98.14,0.5616,3.6,4.356
2025-09-26,0.6546,120.4349,7.1328,15.29,71.15,4.2,6643.7,0.654,60.9,4.6656,17264.0,97.91,0.56,3.6,4.394
2025-09-29,0.6578,120.115,7.1194,16.12,69.0,4.15,6661.21,0.6571,61.0,4.6789,17355.0,97.74,0.5602,3.6,4.342
2025-09-30,0.6614,120.1368,7.119,16.28,68.52,4.16,6688.46,0.6602,61.3,4.7035,17445.0,97.91,0.5626,3.6,4.307
2025-10-01,0.6605,120.1502,7.12,16.29,66.67,4.12,6711.2,0.6601,61.2,4.7015,17445.0,97.38,0.5616,3.6,4.357
2025-10-02,0.6588,120.4296,7.12,16.63,65.44,4.1,6715.35,0.6619,61.3,4.7143,17468.0,97.41,0.564,3.6,4.328
2025-10-03,0.6615,120.0881,7.12,16.65,66.13,4.13,6715.79,0.6591,61.2,4.6944,17390.0,97.41,0.5626,3.6,4.323
2025-10-06,0.662,120.2722,7.12,16.37,67.09,4.18,6740.28,,,,,,,3.6,
2025-10-07,0.6587,120.4884,7.12,17.24,67.1,4.14,6714.59,0.6612,61.4,4.7093,17433.0,99.45,0.5652,3.6,4.378
2025-10-08,0.6582,120.7766,7.12,16.3,67.42,4.13,6753.72,0.6564,61.2,4.6751,17303.0,100.02,0.5649,3.6,4.354
2025-10-09,0.6556,121.0902,7.1275,16.43,67.23,4.14,6735.11,0.6608,61.6,4.7087,17411.0,100.75,0.5674,3.6,4.339
2025-10-10,0.6495,121.1163,7.134,21.66,64.41,4.05,6552.51,0.6568,61.3,4.6795,17307.0,100.33,0.5675,3.6,4.354
2025-10-13,,,,19.03,64.15,,6654.72,0.6524,60.9,4.6524,17184.0,99.07,0.5615,3.6,4.282
2025-10-14,0.6492,121.1822,7.1384,20.81,63.0,4.03,6644.31,0.648,60.5,4.6248,17079.0,98.41,0.559,3.6,4.224
2025-10-15,0.6514,120.8642,7.1262,20.64,62.33,4.05,6671.06,0.6516,60.8,4.6438,17168.0,98.55,0.5608,3.6,4.206
2025-10-16,0.6492,120.6698,7.123,25.31,61.08,3.99,6629.07,0.6492,60.5,4.6265,17099.0,98.06,0.5569,3.6,4.143
2025-10-17,0.6486,120.7028,7.1264,20.78,61.23,4.02,6664.01,0.6475,60.2,4.6121,17054.0,97.1,0.5529,3.6,4.091
2025-10-20,0.6517,120.6209,7.1195,18.23,60.71,4.0,6735.13,0.6503,60.5,4.6328,17132.0,97.94,0.5571,3.6,4.145
2025-10-21,0.6499,120.8895,7.1218,17.87,61.0,3.98,6735.35,0.6504,60.6,4.6297,17137.0,98.27,0.559,3.6,4.11
2025-10-22,0.6502,120.8958,7.1257,18.6,62.28,3.97,6699.4,0.6501,60.7,4.6309,17125.0,98.66,0.56,3.6,4.106
2025-10-23,0.6516,120.9531,7.1221,17.3,66.32,4.01,6738.44,0.6486,60.6,4.6204,17083.0,98.85,0.5592,3.6,4.116
2025-10-24,0.6511,120.9345,7.1211,16.37,65.8,4.02,6791.69,0.6502,60.8,4.6321,17120.0,99.41,0.5601,3.6,4.135
2025-10-27,0.6554,120.7988,7.1102,15.79,65.52,4.01,6875.16,0.6533,61.0,4.6472,17174.0,100.04,0.562,3.6,4.175
2025-10-28,0.6585,120.6361,7.0988,16.42,64.03,3.99,6890.89,0.6564,61.1,4.66,17267.0,99.69,0.5627,3.6,4.166
2025-10-29,0.6613,120.5312,7.098,16.92,65.01,4.08,6890.59,0.6596,61.5,4.6837,17367.0,100.34,0.567,3.6,4.216
2025-10-30,0.6555,121.2832,7.1097,16.91,65.11,4.11,6822.34,0.6595,61.5,4.6807,17361.0,100.75,0.5669,3.6,4.3
2025-10-31,0.6546,121.3859,7.1169,17.44,65.44,4.11,6840.2,0.6551,61.2,4.6578,17234.0,100.84,0.5662,3.6,4.29
2025-11-03,0.6537,121.4512,7.1222,17.17,65.79,4.13,6851.97,0.6554,61.3,4.6636,17240.0,100.98,0.5682,3.6,4.33
2025-11-04,0.6502,121.8271,7.1295,19.0,65.04,4.1,6771.55,0.6532,61.2,4.6542,17198.0,100.64,0.5674,3.6,4.345
2025-11-05,0.6512,121.8482,7.126,18.01,63.54,4.17,6796.29,0.6492,60.9,4.6279,17090.0,99.64,0.565,3.6,4.306
2025-11-06,0.6468,121.6948,7.1195,19.5,63.41,4.11,6720.32,0.6514,61.1,4.641,17147.0,100.28,0.5661,3.6,4.36
2025-11-07,0.6476,121.388,7.1219,19.08,63.72,4.11,6728.8,0.6476,60.7,4.6123,17038.0,99.16,0.5614,3.6,4.346
2025-11-10,0.6522,121.2984,7.1193,17.6,63.01,4.13,6832.43,0.6525,61.1,4.6457,17162.0,100.41,0.5644,3.6,4.391
2025-11-11,,,,17.28,63.86,,6846.61,0.6524,61.2,4.6468,17165.0,100.67,0.5645,3.6,4.386
2025-11-12,0.6541,121.0458,7.112,17.51,61.88,4.08,6850.92,0.6521,61.2,4.6426,17178.0,100.91,0.5635,3.6,4.376
2025-11-13,0.6553,120.7725,7.095,20.0,62.14,4.11,6737.49,0.6557,61.4,4.6571,17284.0,101.52,0.5657,3.6,4.416
2025-11-14,0.6549,120.9666,7.0992,19.83,63.45,4.14,6734.11,0.6533,61.1,4.6342,17218.0,100.9,0.5612,3.6,4.436
2025-11-17,0.6516,121.1146,7.1075,22.38,63.16,4.13,6672.41,0.6523,61.1,4.6346,17189.0,100.88,0.5622,3.6,4.47
2025-11-18,0.6505,121.2127,7.1074,24.69,64.86,4.12,6617.32,0.6481,60.8,4.6091,17094.0,100.48,0.5587,3.6,4.436
2025-11-19,0.6468,121.4978,7.1106,23.66,63.78,4.13,6642.16,0.6484,60.8,4.61,17103.0,100.72,0.5597,3.6,4.412
2025-11-20,0.6448,121.6889,7.1098,26.42,63.64,4.1,6538.76,0.6487,61.0,4.6161,17111.0,102.11,0.5631,3.6,4.461
2025-11-21,0.6457,121.8653,7.1066,23.43,62.78,4.06,6602.99,0.6446,60.6,4.5847,17001.0,101.38,0.5587,3.6,4.458
2025-11-24,0.6456,121.9171,7.102,20.52,64.83,4.04,6705.12,0.6461,60.8,4.5927,17039.0,101.15,0.5608,3.6,4.439
2025-11-25,0.6453,121.6335,7.0845,18.56,63.99,4.01,6765.88,0.6454,60.7,4.5792,17026.0,101.2,0.5605,3.6,4.424
2025-11-26,0.6516,121.2437,7.0758,17.19,64.81,4.0,6812.61,0.6503,60.9,4.6055,17151.0,101.48,0.5614,3.6,4.525
2025-11-27,,,,17.21,64.18,,,0.6536,61.2,4.6274,17237.0,101.97,0.5634,3.6,4.49
2025-11-28,0.6552,121.0527,7.0751,16.35,64.07,4.02,6849.09,0.6533,61.2,4.6228,17228.0,102.05,0.5638,3.6,4.511
2025-12-01,0.6554,120.9862,7.0717,17.24,64.22,4.09,6812.63,0.6545,61.3,4.6302,17257.0,101.81,0.5643,3.6,4.552
2025-12-02,0.6556,121.1467,7.07,16.59,63.37,4.09,6829.37,0.655,61.3,4.6339,17280.0,101.94,0.5642,3.6,4.611
2025-12-03,0.6592,120.7336,7.0636,16.08,63.75,4.06,6849.72,0.658,61.5,4.6486,17358.0,102.43,0.5652,3.6,4.641
2025-12-04,0.6619,120.6766,7.0714,15.78,64.15,4.11,6857.12,0.6614,61.8,4.6756,17441.0,102.83,0.5674,3.6,4.699
2025-12-05,0.6635,120.6863,7.0696,15.41,64.42,4.14,6870.4,0.662,61.9,4.681,17457.0,102.56,0.5681,3.6,4.681
2025-12-08,0.6622,120.776,7.071,16.66,63.3,4.17,6846.51,0.6645,62.1,4.697,17521.0,103.05,0.5701,3.6,4.703
2025-12-09,0.6653,120.6832,7.0633,16.93,62.62,4.18,6840.51,0.6647,62.1,4.699,17521.0,103.67,0.5708,3.6,4.757
2025-12-10,0.6642,120.6752,7.064,15.77,63.12,4.13,6886.68,0.6641,62.1,4.69,17508.0,104.02,0.5711,3.6,4.808
2025-12-11,0.6671,119.98,7.0579,14.85,61.87,4.14,6901.0,0.6639,62.0,4.6885,17492.0,103.46,0.5679,3.6,4.719
2025-12-12,0.664,120.1442,7.0548,15.74,62.11,4.19,6827.41,0.6661,62.1,4.6998,17524.0,103.75,0.5678,3.6,4.728
2025-12-15,0.6643,119.9561,7.047,16.5,61.55,4.18,6816.51,0.6646,62.0,4.6855,17489.0,103.18,0.5664,3.6,4.725
2025-12-16,0.6637,119.8902,7.0417,16.48,59.93,4.15,6800.26,0.6637,61.9,4.6746,17477.0,102.75,0.5648,3.6,4.726
2025-12-17,0.6608,120.155,7.0431,17.62,60.61,4.16,6721.43,0.6616,61.7,4.6608,17432.0,102.64,0.5641,3.6,4.745
2025-12-18,0.6619,120.0528,7.0404,16.87,60.69,4.12,6774.76,0.6602,61.6,4.6494,17386.0,102.82,0.5623,3.6,4.741
2025-12-19,0.6617,120.1652,7.0409,14.91,61.35,4.16,6834.5,0.6609,61.7,4.6535,17391.0,103.15,0.564,3.6,4.747
2025-12-22,0.6657,119.9912,7.0367,14.08,62.22,4.17,6878.49,0.6628,61.9,4.6663,17446.0,104.27,0.5655,3.6,4.792
2025-12-23,0.6694,119.7057,7.028,14.0,63.7,4.18,6909.79,0.6669,62.1,4.6874,17559.0,104.04,0.5664,3.6,4.753
2025-12-24,0.6707,119.4372,7.0142,13.47,63.7,4.15,6932.05,0.6709,62.3,4.7127,17651.0,104.55,0.569,3.6,4.738
2025-12-26,0.671,119.4723,7.0063,13.6,,4.14,6929.94,,,,,,,,
2025-12-29,0.669,119.5899,7.0056,14.2,63.1,4.12,6905.74,0.6722,62.4,4.7122,17672.0,105.11,0.5714,3.6,4.754
2025-12-30,0.6703,119.4939,6.9961,14.33,62.3,4.14,6896.24,0.6711,62.3,4.698,17623.0,104.75,0.5698,3.6,4.744
2025-12-31,0.6669,119.7456,6.9931,14.95,61.35,4.18,6845.5,0.6693,62.2,4.6777,17599.0,104.83,0.5704,3.6,4.74
2026-01-02,0.6684,119.6059,6.9877,14.51,61.98,4.19,6858.47,0.6699,62.2,4.6813,17606.0,105.05,0.5699,3.6,4.82
2026-01-05,0.6718,119.6192,6.988,14.9,63.0,4.17,6902.05,0.6673,62.1,4.6594,17530.0,104.96,0.5712,3.6,4.78
2026-01-06,0.6732,119.7807,6.9834,14.75,62.1,4.18,6944.82,0.6726,62.4,4.6956,17679.0,105.18,0.5732,3.6,4.775
2026-01-07,0.6728,119.8719,6.9965,15.38,61.08,4.15,6920.93,0.6761,62.8,4.7236,17771.0,105.84,0.5783,3.6,4.74
2026-01-08,0.6694,120.0904,6.9835,15.45,63.34,4.19,6921.46,0.6707,62.4,4.686,17620.0,105.1,0.5742,3.6,4.649
2026-01-09,0.6684,120.2215,6.9772,14.49,65.11,4.18,6966.28,0.6698,62.4,4.6758,17594.0,105.3,0.5747,3.6,4.669
2026-01-12,0.6716,119.9958,6.9731,15.12,65.4,4.19,6977.27,0.6696,62.4,4.6707,17594.0,105.89,0.5745,3.6,4.685
2026-01-13,0.6684,120.1401,6.9775,15.98,67.58,4.18,6963.74,0.6711,62.5,4.6814,17632.0,106.54,0.5753,3.6,4.69
2026-01-14,0.6679,119.9537,6.973,16.75,68.87,4.15,6926.6,0.6697,62.5,4.6718,17596.0,106.62,0.5751,3.6,4.7
2026-01-15,0.6705,119.9951,6.966,15.84,66.16,4.17,6944.47,0.6675,62.2,4.6526,17536.0,105.86,0.5737,3.6,4.666
2026-01-16,0.6682,120.0838,6.9681,15.86,66.97,4.24,6940.01,0.6707,62.5,4.6722,17621.0,106.15,0.5776,3.6,4.692
2026-01-19,,,,18.84,66.91,,,0.6692,62.3,4.6599,17582.0,105.63,0.5753,3.6,4.727
2026-01-20,0.6743,119.4455,6.9599,20.09,67.68,4.3,6796.86,0.6738,62.7,4.6903,17696.0,106.48,0.5776,3.6,4.767
2026-01-21,0.6765,119.3431,6.9637,16.9,66.72,4.26,6875.62,0.6733,62.7,4.6908,17687.0,106.41,0.5745,3.6,4.77
2026-01-22,0.6834,119.1962,6.97,15.64,65.46,4.26,6913.35,0.6805,63.4,4.7378,17879.0,107.96,0.582,3.6,4.787
2026-01-23,0.6878,118.8976,6.9631,16.09,68.16,4.24,6915.61,0.685,63.7,4.7698,17981.0,108.61,0.583,3.6,4.808
2026-01-26,0.6933,118.0525,6.9542,16.15,67.7,4.22,6950.23,,,,,,,,
2026-01-27,0.6978,117.4523,6.9545,16.35,70.28,4.24,6978.6,0.6912,63.9,4.8094,18067.0,106.87,0.5822,3.6,4.836
2026-01-28,0.6993,117.5117,6.9462,16.35,70.9,4.26,6978.03,0.6993,64.2,4.857,18245.0,106.68,0.5828,3.6,4.807
2026-01-29,0.701,117.4396,6.948,16.88,71.0,4.24,6969.01,0.7091,65.2,4.9263,18479.0,108.49,0.5915,3.6,4.827
2026-01-30,0.6995,117.8996,6.951,17.44,72.25,4.26,6939.03,0.7004,64.5,4.8673,18145.0,107.81,0.5874,3.6,4.799
2026-02-02,0.696,118.3609,6.9463,16.34,67.72,4.29,6976.44,0.6942,64.2,4.8267,18028.0,107.49,0.5852,3.6,4.789
2026-02-03,0.7019,117.9764,6.9377,18.0,70.01,4.28,6917.81,0.701,64.7,4.8643,18240.0,108.94,0.5936,3.6,4.826
2026-02-04,0.6996,118.2602,6.9415,18.64,71.15,4.29,6882.72,0.7024,64.8,4.873,18261.0,109.78,0.5934,3.85,4.858
2026-02-05,0.6974,118.5034,6.9378,21.77,69.87,4.21,6798.4,0.6972,64.5,4.8421,18105.0,109.34,0.5914,3.85,4.848
2026-02-06,0.7014,118.2407,6.9388,17.76,70.45,4.22,6932.3,0.6944,64.3,4.8191,18027.0,108.78,0.5888,3.85,4.819
2026-02-09,0.7087,117.6392,6.92,17.36,71.19,4.22,6964.82,0.7025,64.9,4.8707,18221.0,110.07,0.594,3.85,4.86
2026-02-10,0.7072,117.5216,6.9106,17.79,71.01,4.16,6941.81,0.7075,65.2,4.8897,18309.0,109.85,0.5941,3.85,4.821
2026-02-11,0.7129,117.4601,6.9125,17.65,71.52,4.18,6941.47,0.7112,65.4,4.9153,18451.0,109.04,0.5972,3.85,4.749
2026-02-12,0.7097,117.5376,6.901,20.82,69.8,4.09,6832.76,0.7116,65.4,4.9121,18477.0,108.77,0.5999,3.85,4.799
2026-02-13,0.7068,117.5258,6.908,20.6,69.96,4.04,6836.17,0.7086,65.1,4.894,18402.0,108.59,0.5973,3.85,4.741
2026-02-16,,,,21.2,70.81,,,0.7087,65.1,4.8935,18405.0,108.59,0.5974,3.85,4.702
2026-02-17,0.7064,117.7375,6.9031,20.29,69.77,4.05,6843.22,0.7069,65.0,4.8811,18358.0,108.23,0.597,3.85,4.678
2026-02-18,0.7065,117.8426,6.9031,19.62,71.78,4.09,6881.31,0.707,65.1,4.8818,18361.0,108.6,0.597,3.85,4.717
2026-02-19,0.705,118.2354,6.9031,20.23,73.17,4.08,6861.89,0.7051,65.0,4.8686,18311.0,109.38,0.598,3.85,4.777
2026-02-20,0.7082,117.9917,6.9031,19.09,72.75,4.08,6909.51,0.7033,64.9,4.8562,18264.0,109.16,0.5984,3.85,4.723
2026-02-23,0.7061,117.9395,6.9031,21.01,71.9,4.03,6837.75,0.7071,65.1,4.8825,18406.0,109.17,0.5981,3.85,4.713
2026-02-24,0.7067,117.9463,6.883,19.55,71.21,4.04,6890.07,0.706,65.1,4.869,18479.0,109.61,0.5998,3.85,4.69
2026-02-25,0.7116,117.769,6.8692,17.93,70.69,4.05,6946.13,0.7107,65.4,4.8844,18588.0,110.68,0.6025,3.85,4.715
2026-02-26,0.7092,117.9042,6.8409,18.63,71.66,4.02,6908.86,0.7127,65.4,4.8719,18603.0,111.11,0.6031,3.85,4.696
2026-02-27,0.7121,117.8223,6.8579,19.86,71.32,3.97,6878.88,0.7126,65.5,4.8851,18560.0,110.87,0.6033,3.85,4.646
2026-03-02,0.7067,118.667,6.8821,21.44,77.24,4.05,6881.62,0.7094,65.4,4.8746,18569.0,111.04,0.6019,3.85,4.628
2026-03-03,0.7026,119.4341,6.8996,23.57,83.28,4.06,6816.63,0.7104,65.8,4.8919,18590.0,111.82,0.6082,3.85,4.767
2026-03-04,0.7072,119.0705,6.8969,21.15,81.56,4.09,6869.5,0.6996,65.0,4.8422,18344.0,110.1,0.6034,3.85,4.743
2026-03-05,0.7005,119.5683,6.8912,23.75,88.59,4.13,6830.71,0.7053,65.4,4.8607,18495.0,110.82,0.6075,3.85,4.794
2026-03-06,0.7022,119.491,6.8965,29.49,95.74,4.15,6740.02,0.7029,65.3,4.8519,18451.0,110.83,0.6052,3.85,4.839
2026-03-09,0.7046,119.5151,6.9066,25.5,94.35,4.12,6795.99,0.6993,65.2,4.8396,18386.0,110.99,0.6067,3.85,4.934
2026-03-10,0.715,118.7255,6.8766,24.93,89.84,4.15,6781.48,0.7063,65.5,4.8641,18537.0,111.43,0.6083,3.85,4.846
2026-03-11,0.715,119.2885,6.8655,24.23,90.98,4.21,6775.8,0.7183,66.5,4.9295,18852.0,113.56,0.6174,3.85,4.847
2026-03-12,0.7089,119.8227,6.8689,27.29,102.38,4.27,6672.62,0.7125,66.2,4.9028,18720.0,113.38,0.6178,3.85,4.951
2026-03-13,0.7004,120.5518,6.8961,27.19,103.23,4.28,6632.19,0.7063,65.8,4.8627,18567.0,112.66,0.614,3.85,4.949
2026-03-16,0.7055,120.097,6.8955,23.51,101.04,4.23,6699.38,0.7007,65.4,4.8351,18426.0,111.81,0.6123,3.85,4.999
2026-03-17,0.71,119.8328,6.8863,22.37,108.39,4.2,6716.09,0.7074,65.9,4.8695,18592.0,112.65,0.6153,3.85,4.937
2026-03-18,0.7078,119.9276,6.8726,25.09,118.09,4.26,6624.7,0.7115,66.2,4.8958,18712.0,112.99,0.6164,4.1,4.894
2026-03-19,0.7036,120.1802,6.8998,24.06,111.05,4.25,6606.49,0.7038,65.8,4.8564,18520.0,112.37,0.6137,4.1,4.973
2026-03-20,0.7033,120.2757,6.8857,26.78,118.42,4.39,6506.48,0.7088,66.1,4.887,18650.0,112.27,0.6132,4.1,5.022
2026-03-23,0.6995,119.9371,6.8807,26.15,103.79,4.34,6581.0,0.698,65.3,4.8233,18383.0,111.28,0.6043,4.1,5.116
2026-03-24,0.6965,120.1295,6.8918,26.95,108.42,4.39,6556.37,0.6966,65.0,4.8021,18353.0,110.6,0.6016,4.1,5.042
2026-03-25,0.6962,120.1282,6.9011,25.33,109.14,4.33,6591.9,0.6974,65.0,4.8075,18376.0,110.82,0.6013,4.1,4.954
2026-03-26,0.6913,120.389,6.9107,27.44,113.39,4.42,6477.16,0.6955,65.0,4.8002,18321.0,110.89,0.6012,4.1,5.01
2026-03-27,0.689,120.8851,6.9116,31.05,121.47,4.44,6368.85,0.6911,64.7,4.7779,18203.0,110.31,0.5988,4.1,5.094
2026-03-30,0.6858,121.2851,6.9119,30.61,121.88,4.35,6343.72,0.6869,64.4,4.745,18093.0,109.76,0.5966,4.1,5.069
2026-03-31,0.6855,121.035,6.898,25.25,126.69,4.3,6528.52,0.6845,64.3,4.7298,18032.0,109.27,0.5968,4.1,4.972
2026-04-01,0.6944,120.1198,6.872,24.54,119.56,4.33,6575.32,0.6904,64.6,4.7539,18185.0,109.63,0.597,4.1,4.908
2026-04-02,0.6911,120.503,6.8856,23.87,127.61,4.31,6582.69,0.6879,64.4,4.7373,18121.0,109.62,0.5963,4.1,5.038
2026-04-03,0.6894,120.6565,6.8824,,,4.35,,,,,,,,,
2026-04-06,0.6919,120.4302,6.8778,24.17,,4.34,6611.83,,,,,,,,
2026-04-07,0.6944,120.32,6.8567,25.78,138.21,4.33,6616.85,0.6916,64.7,4.7554,18217.0,110.5,0.5995,4.1,4.985
2026-04-08,0.7062,119.0596,6.8287,21.04,122.11,4.29,6782.81,0.7072,65.6,4.8288,18618.0,111.94,0.6049,4.1,4.858
2026-04-09,0.7086,118.8998,6.8314,19.49,119.03,4.29,6824.66,0.7036,65.3,4.8097,18519.0,111.76,0.6034,4.1,4.911
2026-04-10,0.7078,118.8552,6.8278,19.23,119.07,4.31,6816.89,0.7071,65.6,4.8302,18620.0,112.61,0.6049,4.1,4.967
2026-04-13,0.7063,118.9916,6.8303,19.12,123.28,4.3,6886.24,0.704,65.4,4.8099,18545.0,112.41,0.6023,4.1,5.018
2026-04-14,0.7131,118.3581,6.8157,18.36,118.69,4.26,6967.38,0.7083,65.7,4.8296,18654.0,112.73,0.602,4.1,4.949
2026-04-15,0.7161,118.3623,6.818,18.17,114.93,4.29,7022.95,0.7138,66.1,4.8663,18794.0,113.46,0.6053,4.1,4.931
2026-04-16,0.717,118.3616,6.8208,17.94,116.63,4.32,7041.28,0.7189,66.5,4.901,18924.0,114.2,0.609,4.1,4.956
2026-04-17,0.7192,118.0795,6.817,17.48,98.63,4.26,7126.06,0.717,66.4,4.8927,18881.0,114.35,0.6086,4.1,4.996
2026-04-20,0.7175,118.2374,6.8172,18.87,103.4,4.26,7109.14,0.7149,66.2,4.8759,18825.0,113.63,0.6083,4.1,4.937
2026-04-21,0.7164,118.4331,6.8208,19.5,106.14,4.3,7064.01,0.7166,66.3,4.8836,18864.0,113.87,0.6084,4.1,4.909
2026-04-22,0.7162,118.6004,6.8275,18.92,113.44,4.3,7137.9,0.717,66.4,4.8914,18874.0,114.17,0.6101,4.1,4.958
2026-04-23,0.7156,118.7155,6.826,19.31,113.25,4.34,7108.4,0.7155,66.5,4.8867,18838.0,114.16,0.6112,4.1,5.001
2026-04-24,0.7154,118.7294,6.8359,18.71,111.86,4.31,7165.08,0.7128,66.3,4.8717,18759.0,113.88,0.6102,4.1,4.977
2026-04-27,0.7193,118.5458,6.8228,18.02,113.89,4.35,7173.91,,,,,,,4.1,4.99
2026-04-28,0.7181,118.7717,6.8374,17.83,117.62,4.36,7138.8,0.7172,66.6,4.8998,18897.0,114.18,0.6127,4.1,5.028
2026-04-29,0.713,119.0975,6.8375,18.81,124.16,4.42,7135.95,0.7162,66.6,4.8962,18868.0,114.38,0.6121,4.1,4.997
2026-04-30,0.7184,118.671,6.8273,16.89,124.24,4.4,7209.01,0.7113,66.3,4.8663,18742.0,114.28,0.61,4.1,5.067
2026-05-01,0.7219,118.3926,6.8276,16.99,118.26,4.39,7230.12,0.7191,66.7,4.9101,18948.0,113.1,0.6135,4.1,5.022
2026-05-04,0.7167,118.8264,6.83,18.29,,4.45,7200.75,0.7208,66.8,4.9217,18985.0,112.98,0.6144,4.1,4.984
2026-05-05,0.7196,118.6207,6.8276,17.38,114.51,4.43,7259.22,0.7141,66.3,4.8759,18797.0,112.32,0.6112,4.1,4.974
2026-05-06,0.7235,118.0982,6.811,17.39,103.7,4.36,7365.12,0.7248,67.1,4.9416,19077.0,113.32,0.6177,4.35,4.956
2026-05-07,0.7241,118.0116,6.8014,17.08,101.82,4.41,7337.11,0.7247,66.9,4.9315,19068.0,113.33,0.6167,4.35,4.926
2026-05-08,0.7242,118.0392,6.8005,17.19,103.48,4.38,7398.93,0.7225,66.8,4.9147,19010.0,113.32,0.6155,4.35,4.991
2026-05-11,0.7259,118.0562,6.7948,18.38,106.11,4.42,7412.84,0.7231,66.9,4.9143,19036.0,113.63,0.6154,4.35,4.996
2026-05-12,0.7224,118.5238,6.792,17.99,111.37,4.46,7400.96,0.7231,67.0,4.9122,19038.0,113.77,0.6148,4.35,5.036
2026-05-13,0.7263,118.4737,6.7908,17.87,110.28,4.46,7444.25,0.724,67.1,4.9173,19076.0,114.17,0.617,4.35,5.066
2026-05-14,0.7225,118.6696,6.7851,17.26,110.91,4.47,7501.24,0.7258,67.3,4.9254,19126.0,114.61,0.6198,4.35,5.022
2026-05-15,0.7151,119.2825,6.8092,18.43,113.96,4.59,7408.5,0.716,66.6,4.87,18874.0,113.56,0.6155,4.35,5.077
2026-05-18,0.716,119.0574,6.8,17.82,116.73,4.61,7403.05,0.7132,66.5,4.8582,18799.0,113.38,0.6137,4.35,5.118
2026-05-19,0.7101,119.451,6.8145,18.06,114.64,4.67,7353.61,0.7132,66.4,4.8493,18796.0,113.41,0.6126,4.35,5.064
2026-05-20,0.7152,119.1624,6.8005,17.44,108.93,4.57,7432.97,0.7103,66.3,4.8383,18726.0,112.92,0.6126,4.35,5.074
2026-05-21,0.7134,119.369,6.8025,16.76,105.84,4.57,7445.72,0.7125,66.4,4.8476,18787.0,113.29,0.6131,4.35,4.971
2026-05-22,0.7132,119.2868,6.7945,16.7,106.9,4.56,7473.47,0.7139,66.5,4.8534,18813.0,113.6,0.6149,4.35,4.93
2026-05-25,,,,16.59,,,,0.7166,66.6,4.8603,18890.0,113.9,0.6157,4.35,4.887
2026-05-26,0.7162,119.1696,6.786,17.01,102.75,4.5,7519.12,0.716,66.6,4.8596,18864.0,113.87,0.6158,4.35,4.917
2026-05-27,0.7137,119.1829,6.7788,16.29,97.11,4.48,7520.36,0.7156,66.6,4.8524,18848.0,114.03,0.6148,4.35,4.863
2026-05-28,0.7159,119.0318,6.7796,15.74,95.47,4.45,7563.63,0.7117,66.3,4.8275,18736.0,113.57,0.6135,4.35,4.904
2026-05-29,0.7191,118.8783,6.7662,15.32,92.88,4.45,7580.06,0.7164,66.6,4.8504,18855.0,114.14,0.6154,4.35,4.838
2026-06-01,0.7153,119.1653,6.765,16.05,98.29,4.47,7599.96,0.7188,66.8,4.8636,18917.0,114.62,0.6169,4.35,4.889
2026-06-02,0.7186,119.0359,6.7622,15.77,98.49,4.46,7609.78,0.7163,66.6,4.8437,18862.0,114.42,0.6155,4.35,4.889
2026-06-03,0.7139,119.3848,6.7692,16.06,101.69,4.49,7553.68,0.7164,66.7,4.8485,18876.0,114.57,0.6165,4.35,4.919
2026-06-04,0.7143,119.3615,6.7735,15.4,98.98,4.47,7584.31,0.7131,66.5,4.8316,18779.0,114.02,0.6142,4.35,4.925
2026-06-05,0.706,120.0831,6.7655,21.51,97.29,4.55,7383.74,0.7121,66.5,4.8245,18755.0,113.91,0.613,4.35,4.916
2026-06-08,0.7055,120.034,6.7832,18.92,97.46,4.56,7405.73,,,,,,,,
2026-06-09,0.7028,119.9617,6.7722,19.87,94.15,4.53,7386.65,0.7058,65.9,4.7804,18590.0,113.04,0.6113,4.35,4.927
2026-06-10,0.7022,119.9134,6.7745,22.22,95.73,4.55,7266.99,0.702,65.6,4.7555,18472.0,112.57,0.6076,4.35,4.897
2026-06-11,0.6995,120.1174,6.7756,19.44,92.84,4.45,7394.3,0.7008,65.5,4.7483,18447.0,112.51,0.6069,4.35,4.903
2026-06-12,0.7047,119.5073,6.7626,17.68,88.64,4.48,7431.46,0.7029,65.6,4.7546,18509.0,112.71,0.6082,4.35,4.82
2026-06-15,0.7081,119.3158,6.757,16.2,84.36,4.47,7554.29,0.7081,65.9,4.7848,18616.0,113.33,0.6095,4.35,4.815
2026-06-16,0.7077,119.256,6.7562,16.41,80.5,4.43,7511.35,0.7048,65.7,4.7657,18535.0,112.98,0.6088,4.35,4.835
2026-06-17,0.7073,119.3871,6.7577,18.44,80.33,4.49,7420.1,0.7059,65.7,4.7696,18578.0,113.18,0.6079,4.35,4.776
2026-06-18,0.7019,120.3958,6.7686,16.4,79.35,4.46,7500.58,0.7031,65.7,4.7553,18506.0,112.95,0.6108,4.35,4.78
2026-06-19,,,,16.78,80.46,,,0.7005,65.6,4.7411,18453.0,113.02,0.6128,4.35,4.82
2026-06-22,0.7,120.5463,6.7745,17.28,76.49,4.51,7472.79,0.7004,65.7,4.7466,18435.0,113.25,0.6114,4.35,4.821
2026-06-23,0.6926,121.0552,6.79,19.49,75.69,4.5,7365.46,0.6964,65.3,4.7221,18328.0,112.58,0.6097,4.35,4.782
2026-06-24,0.6895,121.412,6.8106,18.63,72.09,4.41,7358.22,0.6913,65.0,4.7024,18201.0,111.72,0.6081,4.35,4.772
2026-06-25,0.6922,121.0559,6.7976,18.89,73.74,4.4,7357.49,0.6892,64.8,4.6909,18147.0,111.53,0.6066,4.35,4.739
2026-06-26,0.6907,120.8866,6.798,18.41,70.16,4.38,7354.02,0.6894,64.8,4.6876,18138.0,111.37,0.6058,4.35,4.729
2026-06-29,0.6885,120.9525,6.7936,17.65,71.59,4.38,7440.43,0.6896,64.8,4.6867,18128.0,111.58,0.6052,4.35,4.759
2026-06-30,0.6915,120.9248,6.7851,16.45,70.46,4.44,7499.36,0.6869,64.6,4.6647,18072.0,111.48,0.6034,4.35,4.734
2026-07-01,0.6903,121.1455,6.7942,16.59,69.24,4.48,7483.23,0.6895,64.8,4.6838,18146.0,112.19,0.6046,4.35,4.798
2026-07-02,0.6931,120.6902,6.7886,16.15,68.53,4.49,7483.24,0.6894,64.8,4.6786,18128.0,111.92,0.6055,4.35,4.832
2026-07-03,,,,15.81,68.68,,,0.6941,65.1,4.7059,18257.0,111.87,0.6063,4.35,4.808
2026-07-06,0.6944,120.835,6.7958,15.57,69.56,4.48,7537.43,0.6931,65.1,4.7051,18229.0,112.34,0.6067,4.35,4.798
2026-07-07,0.6935,120.8145,6.7934,16.13,71.78,4.55,7503.85,0.6942,65.2,4.7183,18258.0,112.37,0.6072,4.35,4.833
2026-07-08,0.6911,121.1307,6.8025,16.9,76.5,4.56,7482.71,0.6943,65.1,4.7192,18257.0,112.69,0.608,4.35,4.893
2026-07-09,0.6944,120.753,6.7921,15.84,74.46,4.54,7543.64,0.6941,65.1,4.7177,18253.0,112.7,0.6072,4.35,4.887
2026-07-10,0.6959,120.5046,6.7766,15.03,74.34,4.56,7575.39,0.6949,65.1,4.7111,18266.0,112.29,0.6074,4.35,4.848
2026-07-13,0.6935,120.7413,6.7795,17.16,81.62,4.62,7515.34,0.693,65.0,4.7026,18203.0,112.46,0.608,4.35,4.873
2026-07-14,0.6974,120.4728,6.77,16.5,83.69,4.58,7543.59,0.6935,65.0,4.7009,18206.0,112.55,0.6088,4.35,4.923
2026-07-15,0.6999,120.3088,6.7682,15.67,83.08,4.55,7572.4,0.6988,65.4,4.7289,18350.0,113.35,0.6108,4.35,4.913
2026-07-16,0.7004,120.331,6.7726,16.73,81.23,4.57,7533.77,0.6997,65.4,4.7351,18374.0,113.47,0.6104,4.35,4.909
2026-07-17,0.6985,120.5315,6.776,18.77,85.01,4.55,7457.69,0.698,65.3,4.7287,18341.0,113.36,0.6101,4.35,4.914
2026-07-20,0.7004,120.5401,6.7668,18.65,86.99,4.6,7443.28,0.6991,65.4,4.7351,18383.0,113.51,0.6111,4.35,4.974
2026-07-21,0.7008,120.5779,6.7656,17.05,93.85,4.63,7509.2,0.7009,65.6,4.7418,18448.0,113.9,0.6139,4.35,4.955
2026-07-22,0.7,120.5736,6.7725,16.64,94.12,4.67,7498.96,0.6997,65.6,4.7396,18426.0,114.11,0.6132,4.35,4.989
2026-07-23,0.6975,120.9075,6.7701,18.7,105.32,4.71,7408.3,0.7013,65.7,4.7475,18460.0,114.39,0.6136,4.35,5.004
2026-07-24,0.6996,120.7105,6.7719,18.58,100.31,4.69,7411.98,0.6975,65.4,4.7266,18358.0,114.28,0.613,4.35,5.1
2026-07-27,0.6993,120.7739,6.7657,18.67,91.82,4.65,7413.18,0.7003,65.6,4.7399,18428.0,114.57,0.614,4.35,5.012
2026-07-28,0.6984,120.6247,6.771,18.21,85.51,4.61,7428.78,0.6967,65.3,4.7154,18346.0,114.08,0.613,4.35,4.977
2026-07-29,0.693,120.7892,6.7661,20.66,91.95,4.67,7316.15,0.6956,65.2,4.7098,18319.0,113.72,0.6103,4.35,4.933
2026-07-30,0.7022,119.6753,6.755,17.09,91.91,4.68,7437.63,0.6951,65.0,4.6992,18287.0,113.68,0.6071,4.35,5.011
2026-07-31,0.7026,119.7034,6.7509,15.99,96.95,4.75,7489.72,0.703,65.5,4.7435,18473.0,112.9,0.611,4.35,4.943
2026-08-03,0.7001,119.6951,6.7563,15.86,88.9,4.7,7600.5,,,,,,,4.35,4.964
2026-08-04,0.7038,119.5977,6.7532,16.5,86.47,4.63,7736.52,0.7019,65.3,4.7404,18447.0,110.7,0.61,4.35,4.988
2026-08-05,0.7051,119.3881,6.7483,15.81,86.65,4.63,7723.55,0.7049,65.4,4.7564,18516.0,111.12,0.611,4.35,4.924
2026-08-06,0.7028,119.5113,6.7488,15.15,89.65,4.69,7709.96,0.7049,65.4,4.7569,18487.0,111.21,0.6103,4.35,4.939
2026-08-07,0.7064,119.0649,6.7474,14.9,87.62,4.65,7757.64,0.7029,65.3,4.7425,18427.0,111.29,0.61,4.35,4.999
2026-08-10,0.7066,119.1187,6.7452,15.46,92.74,4.72,7753.11,0.7069,65.6,4.7683,18480.0,111.93,0.6118,4.35,4.984
2026-08-11,0.7062,119.179,6.745,15.28,93.26,4.7,7728.2,0.7056,65.5,4.7594,18442.0,112.35,0.6114,4.35,5.024
2026-08-12,0.707,119.1179,6.7433,14.55,92.52,4.68,7748.5,0.7061,65.6,4.7638,18447.0,112.57,0.6122,4.35,5.013
2026-08-13,0.7058,119.1848,6.7428,14.63,92.03,4.63,7798.99,0.705,65.5,4.7549,18357.0,112.29,0.6117,4.35,4.98
2026-08-14,0.7091,118.9028,6.7412,14.25,92.02,4.68,7785.76,0.7068,65.6,4.7664,18448.0,112.57,0.6124,4.35,4.995
2026-08-17,0.7113,118.814,6.7399,15.19,92.43,4.72,7745.06,0.7114,66.0,4.7946,18642.0,113.18,0.6139,4.35,5.031
2026-08-18,0.7097,118.9831,6.743,15.84,95.29,4.71,7691.76,0.7101,65.9,4.7888,18585.0,113.38,0.6136,4.35,5.087
2026-08-19,0.7123,118.3328,6.7295,14.89,92.37,4.65,7707.98,0.707,65.5,4.765,18509.0,112.63,0.6101,4.35,5.047
2026-08-20,0.712,118.2548,6.7225,16.01,94.0,4.69,7641.16,0.7116,65.7,4.7854,18615.0,112.89,0.6095,4.35,4.997
2026-08-21,0.7178,118.0628,6.721,15.13,96.92,4.74,7674.37,0.7145,65.9,4.8026,18620.0,113.49,0.6108,4.35,5.048
2026-08-24,0.7151,118.3195,6.7219,15.85,92.71,4.7,7652.86,0.7169,66.1,4.82,18743.0,113.92,0.6137,4.35,5.008
2026-08-25,0.716,118.2283,6.7203,15.45,88.24,4.64,7677.28,0.715,66.1,4.8071,18679.0,113.92,0.6135,4.35,5.013
2026-08-26,0.7169,118.4461,6.7225,15.21,87.77,4.66,7675.7,0.7182,66.3,4.8271,18739.0,114.2,0.6157,4.35,5.023
2026-08-27,0.7198,118.3583,6.7198,14.51,90.18,4.67,7730.99,0.7183,66.3,4.8276,18746.0,114.48,0.6164,4.35,5.083
2026-08-28,0.7166,118.7479,6.726,14.43,89.75,4.73,7711.76,0.7196,66.4,4.8367,18768.0,114.8,0.6179,4.35,5.088
2026-08-31,,,,14.92,,4.75,7686.14,0.7166,66.2,4.8161,18687.0,114.54,0.6182,4.35,5.084
2026-09-01,,,,16.34,96.02,4.79,7631.47,0.717,66.2,4.8184,18698.0,114.63,0.6176,4.35,5.169
2026-09-02,,,,15.2,,4.79,7666.6,0.7143,66.1,4.8012,18628.0,114.17,0.6168,4.35,5.22
2026-09-03,,,,14.32,,4.77,7747.71,0.7164,66.1,4.813,18679.0,112.74,0.6175,4.35,
2026-09-04,,,,,,,7718.6,0.721,66.4,4.8419,18806.0,112.71,0.6201,4.35,
2026-09-07,,,,,,,,0.7209,66.3,4.838,18778.0,112.32,0.6207,,
